True Id,init_name,last_name,first_name,full_name,norm_name,place,affiliation,country
0,AFFOLABI D,AFFOLABI,DISSOU,AFFOLABI DISSOU,AFFOLABI DISSOU,COTONOU,NAT TB PROGRAMME,BENIN
0,AFFOLABI D,AFFOLABI,D,AFFOLABI D,AFFOLABI DISSOU,COTONOU,NAT TB PROGRAMME,BENIN
1,ODOUN M,ODOUN,MATHIEU,ODOUN MATHIEU,ODOUN MATHIEU,COTONOU,LAB REFERENCE MYCOBACTERIES,BENIN
1,ODOUN M,ODOUN,M,ODOUN M,ODOUN MATHIEU,COTONOU,LAB REFERENCE MYCOBACTERIES,BENIN
2,SANOUSSI N,SANOUSSI,NDIRA,SANOUSSI NDIRA,SANOUSSI NDIRA,COTONOU,LAB REFERENCE MYCOBACTERIES,BENIN
2,SANOUSSI N,SANOUSSI,N,SANOUSSI N,SANOUSSI NDIRA,COTONOU,LAB REFERENCE MYCOBACTERIES,BENIN
3,MARTIN A,MARTIN,ANANDI,MARTIN ANANDI,MARTIN ANANDI,ANTWERP,UNIV GHENT DEPT BIOCHEM & MICROBIOL MICROBIOL LAB,BELGIUM
4,PALOMINO J C,PALOMINO,JUAN CARLOS,PALOMINO JUAN CARLOS,PALOMINO JUAN CARLOS,ANTWERP,INST TROP MED MYCOBACTERIOL UNIT,BELGIUM
5,KESTENS L,KESTENS,LUC,KESTENS LUC,KESTENS LUC,ANTWERP,INST TROP MED IMMUNOL UNIT,BELGIUM
5,KESTENS L,KESTENS,L,KESTENS L,KESTENS LUC,ANTWERP,INST TROP MED IMMUNOL UNIT,BELGIUM
6,ANAGONOU S,ANAGONOU,SEVERIN,ANAGONOU SEVERIN,ANAGONOU SEVERIN,COTONOU,NAT TB PROGRAMME,BENIN
6,ANAGONOU S,ANAGONOU,S,ANAGONOU S,ANAGONOU SEVERIN,COTONOU,NAT TB PROGRAMME,BENIN
7,PORTAELS F,PORTAELS,FRANCOISE,PORTAELS FRANCOISE,PORTAELS FRANCOISE,ANTWERP,INST TROP MED,BELGIUM
7,PORTAELS F,PORTAELS,F,PORTAELS F,PORTAELS FRANCOISE,ANTWERP,INST TROP MED,BELGIUM
8,ADE S,ADE,SERGE,ADE SERGE,ADE SERGE,COTONOU,CTR NATL HOSP UNIV HUBERT KOUTOUKOU MAGA SERV MED INTERNE,BENIN
8,ADE S,ADE,S,ADE S,ADE SERGE,COTONOU,CTR NATL HOSP UNIV HUBERT KOUTOUKOU MAGA SERV MED INTERNE,BENIN
9,HARRIES A D,HARRIES,ANTHONY D,HARRIES ANTHONY D,HARRIES ANTHONY D,LONDON,LONDON SCH HYG & TROP MED FAC INFECT & TROP DIS DEPT CLIN RES,ENGLAND
9,HARRIES A D,HARRIES,A D,HARRIES A D,HARRIES ANTHONY D,LONDON,LONDON SCH HYG & TROP MED FAC INFECT & TROP DIS DEPT CLIN RES,ENGLAND
10,TREBUCQ A,TREBUCQ,ARNAUD,TREBUCQ ARNAUD,TREBUCQ ARNAUD,PARIS,INT UNION TB & LUNG DIS,FRANCE
10,TREBUCQ A,TREBUCQ,A,TREBUCQ A,TREBUCQ ARNAUD,PARIS,INT UNION TB & LUNG DIS,FRANCE
11,HINDERAKER S G,HINDERAKER,SVEN GUDMUND,HINDERAKER SVEN GUDMUND,HINDERAKER SVEN GUDMUND,BERGEN,UNIV BERGEN,NORWAY
12,ADE G,ADE,GABRIEL,ADE GABRIEL,ADE GABRIEL,COTONOU,CTR NATL HOSP UNIV HUBERT KOUTOUKOU MAGA SERV MED INTERNE,BENIN
12,ADE G,ADE,G,ADE G,ADE GABRIEL,COTONOU,CTR NATL HOSP UNIV HUBERT KOUTOUKOU MAGA SERV MED INTERNE,BENIN
13,AGODOKPESSI G,AGODOKPESSI,GILDAS,AGODOKPESSI GILDAS,AGODOKPESSI GILDAS,COTONOU,NATL TB PROGRAMME,BENIN
13,AGODOKPESSI G,AGODOKPESSI,G,AGODOKPESSI G,AGODOKPESSI GILDAS,COTONOU,NATL TB PROGRAMME,BENIN
14,MASSEREY E,MASSEREY,E,MASSEREY E,MASSEREY E,VAUD,SERV SANTE PUBL,SWITZERLAND
15,ADJONOU C,ADJONOU,C,ADJONOU C,ADJONOU CHRISTINE,COTONOU,CTR NATL HOSP PNEUMOPHTISIOL,BENIN
15,ADJONOU C,ADJONOU,CHRISTINE,ADJONOU CHRISTINE,ADJONOU CHRISTINE,COTONOU,CTR NATL HOSP PNEUMOPHTISIOL,BENIN
16,GBENAGNON G,GBENAGNON,G,GBENAGNON G,GBENAGNON G,AKRON,CTR HOSP PNEUMOPHTISIOL AKRON,BENIN
17,SCHWOEBEL V,SCHWOEBEL,V,SCHWOEBEL V,SCHWOEBEL V,PARIS,INT UNION TB & LUNG DIS,FRANCE
18,ZELLWEGER J P,ZELLWEGER,J P,ZELLWEGER J P,ZELLWEGER J P,BERN,LIGUE PULM SUISSE,SWITZERLAND
19,MERLE C S,MERLE,CORINNE S,MERLE CORINNE S,MERLE CORINNE S C,LONDON,LONDON SCH HYG & TROP MED FAC EPIDEMIOL & POPULAT HLTH TROP EPIDEMIOL GRP,ENGLAND
19,MERLE C S,MERLE,C S,MERLE C S,MERLE CORINNE S C,LONDON,LONDON SCH HYG & TROP MED FAC EPIDEMIOL & POPULAT HLTH TROP EPIDEMIOL GRP,ENGLAND
19,MERLE C,MERLE,CORINNE,MERLE CORINNE,MERLE CORINNE S C,LONDON,LONDON SCH HYG & TROP MED FAC EPIDEMIOL & POPULAT HLTH TROP EPIDEMIOL GRP,ENGLAND
19,MERLE C S C,MERLE,CORINNE S C,MERLE CORINNE S C,MERLE CORINNE S C,LONDON,LONDON SCH HYG & TROP MED FAC EPIDEMIOL & POPULAT HLTH TROP EPIDEMIOL GRP,ENGLAND
20,RUSTOMJEE R,RUSTOMJEE,ROXANA,RUSTOMJEE ROXANA,RUSTOMJEE ROXANA,DURBAN,MRC UNIT CLIN & BIOMED TB RES,SOUTH AFRICA
21,GNINAFON M,GNINAFON,MARTIN,GNINAFON MARTIN,GNINAFON MARTIN,COTONOU,CTR NATL HOSP PNEUMOPHTISIOL,BENIN
21,GNINAFON M,GNINAFON,M,GNINAFON M,GNINAFON MARTIN,COTONOU,CTR NATL HOSP PNEUMOPHTISIOL,BENIN
22,LO M B,LO,MAME BOCAR,LO MAME BOCAR,LO MAME BOCAR,DAKAR,PROGRAMME NATL LUTTE TB,SENEGAL
22,LO M B,LO,MAME B,LO MAME B,LO MAME BOCAR,DAKAR,PROGRAMME NATL LUTTE TB,SENEGAL
23,BAHSOW O,BAHSOW,OUMOU,BAHSOW OUMOU,BAHSOW OUMOU,,,
23,BAHSOW O,BAHSOW,O,BAHSOW O,BAHSOW OUMOU,,,
24,OLLIARO P L,OLLIARO,PIERO L,OLLIARO PIERO L,OLLIARO PIERO L,GENEVA,WHO TDR,SWITZERLAND
24,OLLIARO P,OLLIARO,PIERO,OLLIARO PIERO,OLLIARO PIERO L,GENEVA,WHO TDR,SWITZERLAND
25,LIENHARDT C,LIENHARDT,CHRISTIAN,LIENHARDT CHRISTIAN,LIENHARDT CHRISTIAN,PARIS,IRD,FRANCE
26,HORTON J,HORTON,JOHN,HORTON JOHN,HORTON JOHN,HITCHIN,TROP PROJECTS,ENGLAND
27,MCILLERON H,MCILLERON,HELEN,MCILLERON HELEN,MCILLERON HELEN,CAPE TOWN,UNIV CAPE TOWN CLIN PHARMACOL LAB,SOUTH AFRICA
27,MCILLERON H,MCILLERON,H,MCILLERON H,MCILLERON HELEN,CAPE TOWN,UNIV CAPE TOWN CLIN PHARMACOL LAB,SOUTH AFRICA
28,SIMONSSON U S H,SIMONSSON,ULRIKA S H,SIMONSSON ULRIKA S H,SIMONSSON ULRIKA S H,UPPSALA,UPPSALA UNIV DEPT PHARMACEUT BIOSCI,SWEDEN
29,WACHINOU A P,WACHINOU,A P,WACHINOU A P,WACHINOU PRUDENCE,COTONOU,NAT TB PROGRAMME,BENIN
29,WACHINOU P,WACHINOU,PRUDENCE,WACHINOU PRUDENCE,WACHINOU PRUDENCE,COTONOU,NAT TB PROGRAMME,BENIN
29,WACHINOU P,WACHINOU,P,WACHINOU P,WACHINOU PRUDENCE,COTONOU,NAT TB PROGRAMME,BENIN
30,SENOU N,SENOU,N,SENOU N,SENOU N,COTONOU,LAB REFERENCE MYCOBACTERIES,BENIN
31,LIGALI M A,LIGALI,M ALI,LIGALI M ALI,LIGALI M ALI,COTONOU,LAB REFERENCE MYCOBACTERIES,BENIN
32,VAN DEUN A,VAN DEUN,A,VAN DEUN A,VAN DEUN A,ANTWERP,INST TROP MED MYCOBACTERIOL UNIT,BELGIUM
33,FAIHUN F,FAIHUN,FRANK,FAIHUN FRANK,FAIHUN FRANK,COTONOU,LAB REFERENCE MYCOBACTERIES,BENIN
33,FAIHUN F,FAIHUN,F,FAIHUN F,FAIHUN FRANK,COTONOU,LAB REFERENCE MYCOBACTERIES,BENIN
34,ANYO G,ANYO,GLADYS,ANYO GLADYS,ANYO GLADYS,ANTWERP,INST TROP MED,BELGIUM
34,ANYO G,ANYO,G,ANYO G,ANYO GLADYS,ANTWERP,INST TROP MED,BELGIUM
35,SHAMPUTA I C,SHAMPUTA,ISDORE CHOLA,SHAMPUTA ISDORE CHOLA,SHAMPUTA ISDORE CHOLA,ANTWERP,INST TROP MED,BELGIUM
35,SHAMPUTA I C,SHAMPUTA,I C,SHAMPUTA I C,SHAMPUTA ISDORE CHOLA,ANTWERP,INST TROP MED,BELGIUM
36,RIGOUTS L,RIGOUTS,LEEN,RIGOUTS LEEN,RIGOUTS LEEN,ANTWERP,INST TROP MED,BELGIUM
36,RIGOUTS L,RIGOUTS,L,RIGOUTS L,RIGOUTS LEEN,ANTWERP,INST TROP MED,BELGIUM
37,LAOKRI S,LAOKRI,SAMIA,LAOKRI SAMIA,LAOKRI SAMIA,BRUSSELS,UNIV LIBRE BRUXELLES,BELGIUM
38,KASSA F,KASSA,FERDINAND,KASSA FERDINAND,KASSA FERDINAND,COTONOU,CTR NATL HOSP PNEUMOPHTISIOL,BENIN
38,KASSA F,KASSA,F,KASSA F,KASSA FERDINAND,COTONOU,CTR NATL HOSP PNEUMOPHTISIOL,BENIN
39,DUJARDIN B,DUJARDIN,BRUNO,DUJARDIN BRUNO,DUJARDIN BRUNO,BRUSSELS,UNIV LIBRE BRUXELLES,BELGIUM
40,FIELDING K,FIELDING,KATHERINE,FIELDING KATHERINE,FIELDING KATHERINE,LONDON,LONDON SCH HYG & TROP MED,ENGLAND
41,SOW O B,SOW,OMOU BAH,SOW OMOU BAH,SOW OUMOU BAH,CONAKRY,HOP IGNACE DEEN SERV PNEUMOPHTISIOL,GUINEA
41,SOW O B,SOW,OUMOU BAH,SOW OUMOU BAH,SOW OUMOU BAH,CONAKRY,HOP IGNACE DEEN SERV PNEUMOPHTISIOL,GUINEA
42,MTHIYANE T,MTHIYANE,THULI,MTHIYANE THULI,MTHIYANE THULI,DURBAN,MRC,SOUTH AFRICA
43,ODHIAMBO J,ODHIAMBO,JOSEPH,ODHIAMBO JOSEPH,ODHIAMBO JOSEPH,NAIROBI,KENYA GOVT MED RES CTR,KENYA
44,AMUKOYE E,AMUKOYE,EVANS,AMUKOYE EVANS,AMUKOYE EVANS,NAIROBI,KENYA GOVT MED RES CTR,KENYA
45,BAH B,BAH,BOUBACAR,BAH BOUBACAR,BAH BOUBACAR,CONAKRY,HOP IGNACE DEEN SERV PNEUMOPHTISIOL,GUINEA
46,NDIAYE A,NDIAYE,ALIMATOU,NDIAYE ALIMATOU,NDIAYE ALIMATOU,DAKAR,NATL TB PROGRAMME,SENEGAL
46,NDIAYE A,NDIAYE,A,NDIAYE A,NDIAYE ALIMATOU,DAKAR,NATL TB PROGRAMME,SENEGAL
47,DE JONG B C,DE JONG,BOUKE C,DE JONG BOUKE C,DE JONG BOUKE C,ANTWERP,INST TROP MED DEPT BIOMED SCI UNIT MYCOBACTERIOL,BELGIUM
47,DE JONG B C,DE JONG,B C,DE JONG B C,DE JONG BOUKE C,ANTWERP,INST TROP MED DEPT BIOMED SCI UNIT MYCOBACTERIOL,BELGIUM
48,PERRONNE C,PERRONNE,CHRISTIAN,PERRONNE CHRISTIAN,PERRONNE CHRISTIAN,PARIS,HOP UNIV PARIS ILE DE FRANCE OUEST ASSISTANCE PUBL HOP PARIS,FRANCE
49,SISMANIDIS C,SISMANIDIS,CHARALAMBOS,SISMANIDIS CHARALAMBOS,SISMANIDIS CHARALAMBOS,LONDON,LONDON SCH HYG & TROP MED,ENGLAND
50,LAPUJADE O,LAPUJADE,OLIVIER,LAPUJADE OLIVIER,LAPUJADE OLIVIER,MARSEILLE,INST RECH DEV,FRANCE
51,FLOYD S,FLOYD,S,FLOYD S,FLOYD S,LONDON,LONDON SCH HYG & TROP MED IDEU,ENGLAND
52,GALPERINE T,GALPERINE,T,GALPERINE T,GALPERINE T,PARIS,TENON HOSP,FRANCE
53,FURCO A,FURCO,A,FURCO A,FURCO A,LONDON,UCL,ENGLAND
54,SARR M,SARR,M,SARR M,SARR MARIE,DAKAR,NATL TB PROGRAMME,SENEGAL
54,SARR M,SARR,MARIE,SARR MARIE,SARR MARIE,DAKAR,NATL TB PROGRAMME,SENEGAL
55,GEHRE F,GEHRE,FLORIAN,GEHRE FLORIAN,GEHRE FLORIAN,FAJARA,MRC UNIT,GAMBIA
56,DE RIJK P,DE RIJK,PIM,DE RIJK PIM,DE RIJK PIM,ANTWERP,INST TROP MED,BELGIUM
57,UWIZEYE C,UWIZEYE,CECILE,UWIZEYE CECILE,UWIZEYE CECILE,ANTWERP,INST TROP MED,BELGIUM
58,LINGOUPOU F M,LINGOUPOU,FANNY M,LINGOUPOU FANNY M,LINGOUPOU FANNY M,BANGUI,INST PASTEUR LAB MYCOBACTERIES,CENTRAL AFRICAN REPUBLIC
59,BARRY M D,BARRY,MAMADOU DIAN,BARRY MAMADOU DIAN,BARRY MAMADOU DIAN,CONAKRY,LAB REFERENCE MYCOBACTERIES,GUINEA
60,SOW O,SOW,OUMOU,SOW OUMOU,SOW OUMOU,CONAKRY,LAB REFERENCE MYCOBACTERIES,GUINEA
61,BA F,BA,FATOUMATA,BA FATOUMATA,BA FATOUMATA,DAKAR,LAB REFERENCE MYCOBACTERIES,SENEGAL
62,PIUBELLO A,PIUBELLO,ALBERTO,PIUBELLO ALBERTO,PIUBELLO ALBERTO,NIAMEY,DAMIEN FDN,NIGER
63,ANTONIO M,ANTONIO,MARTIN,ANTONIO MARTIN,ANTONIO MARTIN,FAJARA,MRC GAMBIA UNIT,GAMBIA
64,BAGUIDI R,BAGUIDI,R,BAGUIDI R,BAGUIDI R,PARAKOU,NATL PROGRAM AGAINT TB,BENIN
65,CARSON S S,CARSON,S S,CARSON S S,CARSON S S,CHAPEL HILL,UNIV NORTH CAROLINA CHAPEL HILL,USA
66,NGAHANE B H M,NGAHANE,B H MBATCHOU,NGAHANE B H MBATCHOU,NGAHANE B H MBATCHOU,DOUALA,HOP GEN DOUALA SERV MED INTERNE,CAMEROON
67,BOHISSOU F,BOHISSOU,F,BOHISSOU F,BOHISSOU F,COTONOU,FAC SCI SANTE COTONOU,BENIN
68,MITCHINSON D A,MITCHINSON,DENIS A,MITCHINSON DENIS A,MITCHINSON DENIS A,LONDON,UNIV LONDON CTR INFECT,ENGLAND
69,RIEDER H L,RIEDER,H L,RIEDER H L,RIEDER H L,PARIS,INT UNION TB & LUNG DIS DEPT TB CONTROL & PREVENT,FRANCE
70,AKPONA R,AKPONA,R,AKPONA R,AKPONA R,COTONOU,PROGRAMME NATL TB,BENIN
71,ALIDJINOU K,ALIDJINOU,K,ALIDJINOU K,ALIDJINOU K,COTONOU,PROGRAMME NATL TB,BENIN
72,TAWO L,TAWO,L,TAWO L,TAWO LEON,COTONOU,PROGRAMME NATL TB,BENIN
72,TAWO L,TAWO,LEON,TAWO LEON,TAWO LEON,COTONOU,PROGRAMME NATL TB,BENIN
73,LAMBREGTS K,LAMBREGTS,K,LAMBREGTS K,LAMBREGTS K,THE HAGUE,ROYAL NETHERLANDS TB ASSOC KNCV,NETHERLANDS
74,KHANDELWAL A,KHANDELWAL,AKASH,KHANDELWAL AKASH,KHANDELWAL AKASH,UPPSALA,UPPSALA UNIV DEPT PHARMACEUT BIOSCI,SWEDEN
75,BURNEY P,BURNEY,P,BURNEY P,BURNEY P,LONDON,IMPERIAL COLL NATL HEART & LUNG INST,ENGLAND
76,HOA N B,HOA,N B,HOA N B,HOA N B,PARIS,INT UNION TB & LUNG DIS,FRANCE
77,SCHLUGER N W,SCHLUGER,N W,SCHLUGER N W,SCHLUGER N W,NEW YORK,COLUMBIA UNIV MED CTR DIV PULM ALLERGY & CRIT CARE MED,USA
78,CASTRO J L,CASTRO,J L,CASTRO J L,CASTRO J L,PARIS,INT UNION TB & LUNG DIS,FRANCE
79,ANDRE E,ANDRE,E,ANDRE E,ANDRE E,BRUSSELS,CLIN UNIV ST LUC DEPT BIOL CLIN SERV MICROBIOL,BELGIUM
80,ALAGNA R,ALAGNA,R,ALAGNA R,ALAGNA R,MILAN,IST RICOVERO & CURA CARATTERE SCI SAN RAFFAELE SC TB SUPRANAT REFERENCE LAB,ITALY
81,BROCKMANN D,BROCKMANN,D,BROCKMANN D,BROCKMANN D,BERLIN,HUMBOLDT UNIV INST THEORET BIOL DEPT BIOL,GERMANY
82,CAMBAU E,CAMBAU,E,CAMBAU E,CAMBAU E,PARIS,UNIV PARIS DIDEROT INST NATL SANTE & RECH MED UMR 1137 INFECT ANTIMICROBIENS MODELISAT EVOLUT,FRANCE
83,CHURCHYARD G,CHURCHYARD,G,CHURCHYARD G,CHURCHYARD G,JOHANNESBURG,AURUM INST,SOUTH AFRICA
84,COHEN T,COHEN,T,COHEN T,COHEN T,NEW HAVEN,YALE UNIV YALE SCH PUBL HLTH,USA
85,DELMEE M,DELMEE,M,DELMEE M,DELMEE M,BRUSSELS,CATHOLIC UNIV LOUVAIN INST RECH EXPT & CLIN POLE MICROBIOL MED,BELGIUM
86,FARHAT M,FARHAT,M,FARHAT M,FARHAT M,BOSTON,MASSACHUSETTS GEN HOSP,USA
87,HABIB A,HABIB,A,HABIB A,HABIB A,KARACHI,INTERACT HLTH SOLUT,PAKISTAN
88,HOLME R,HOLME,R,HOLME R,HOLME R,SEOUL,SUNGKYUNKWAN UNIV,SOUTH KOREA
89,KESHAVJEE S,KESHAVJEE,S,KESHAVJEE S,KESHAVJEE S,DUBAI,HARVARD MED SCH CTR GLOBAL HLTH DELIVERY,UNITED ARAB EMIRATES
90,KHAN A,KHAN,A,KHAN A,KHAN A,KARACHI,INTERACT RES & DEV,PAKISTAN
91,LIGHTFOOT P,LIGHTFOOT,P,LIGHTFOOT P,LIGHTFOOT P,GENEVA,FDN INNOVAT NEW DIAGNOST,SWITZERLAND
92,MOORE D,MOORE,D,MOORE D,MOORE D,LONDON,LONDON SCH HYG & TROP MED TB CTR,ENGLAND
93,MORENO Y,MORENO,Y,MORENO Y,MORENO Y,ZARAGOZA,UNIV ZARAGOZA INST BIOCOMPUTAT & PHYS COMPLEX SYST BIFI,SPAIN
94,MUNDADE Y,MUNDADE,Y,MUNDADE Y,MUNDADE Y,GENEVA,UNITAID,SWITZERLAND
95,PAI M,PAI,M,PAI M,PAI M,QUEBEC,MCGILL UNIV MCGILL INT TB CTR MONTREAL,CANADA
96,PATEL S,PATEL,S,PATEL S,PATEL S,HANTS,UNIV HOSP SOUTHAMPTON NHS FDN TRUST SOUTHAMPTON,ENGLAND
97,NYARUHIRIRA A U,NYARUHIRIRA,A U,NYARUHIRIRA A U,NYARUHIRIRA A U,GAUTENG,MANAGEMENT SCI HLTH,SOUTH AFRICA
98,ROCHA L E C,ROCHA,L E C,ROCHA L E C,ROCHA L E C,NAMUR,UNIV ZARAGOZA DEPT THEORET PHYS FAC SCI,SPAIN
99,TAKLE J,TAKLE,J,TAKLE J,TAKLE J,SOMERVILLE,GLOBAL CONNECT LLC,USA
100,CRESWELL J,CRESWELL,J,CRESWELL J,CRESWELL J,GENEVA,STOP TB PARTNERSHIP,SWITZERLAND
101,BOEHME C,BOEHME,C,BOEHME C,BOEHME C,GENEVA,FDN INNOVAT NEW DIAGNOST,SWITZERLAND
102,EKOUEVI D K,EKOUEVI,D K,EKOUEVI D K,EKOUEVI D K,BORDEAUX,UNIV VICTOR SEGALEN INSERM INST SANTE PUBL EPIDEMIOL & DEV CRE U 897,FRANCE
103,ABOUBAKRINE M,ABOUBAKRINE,M,ABOUBAKRINE M,ABOUBAKRINE M,BAMAKO,HOP GABRIEL TOURE SERV HEPATOGASTROENTEROL,MALI
104,BASHI J,BASHI,J,BASHI J,BASHI J,COTONOU,CTR HOSP NATL UNIV CTR PRISE CHARGE PERSONNES VIVANT AVEC VIH,BENIN
105,MESSOU E,MESSOU,E,MESSOU E,MESSOU E,ABIDJAN,ACONDA CTR PRISE CHARGE RECH & FORMAT,COTE IVOIRE
106,MAIGA M,MAIGA,M,MAIGA M,MAIGA M,BAMAKO,HOP GABRIEL TOURE SERV HEPATOGASTROENTEROL,MALI
107,TRAORE H A,TRAORE,H A,TRAORE H A,TRAORE H A,BAMAKO,HOP DU POINT G CTR PRISE CHARGE PERSONNES VIVANT AVEC VIH,MALI
108,ZANNOU M,ZANNOU,M,ZANNOU M,ZANNOU M,COTONOU,CTR HOSP NATL UNIV CTR PRISE CHARGE PERSONNES VIVANT AVEC VIH,BENIN
109,GUEHI C,GUEHI,C,GUEHI C,GUEHI C,ABIDJAN,UNITE SOINS AMBULATOIRES & CONSEIL,COTE IVOIRE
110,MINGA A,MINGA,A,MINGA A,MINGA A,ABIDJAN,CTR NATL TRANSFUS SANGUINE CTR MED SUIVI DONNEURS SANG PRIMO CI,COTE IVOIRE
111,ALLOU G,ALLOU,G,ALLOU G,ALLOU G,ABIDJAN,CHU TREICHVILLE PROGRAMME PAC CI,COTE IVOIRE
112,EHOLIE S P,EHOLIE,S P,EHOLIE S P,EHOLIE S P,ABIDJAN,HOP TREICHVILLE SERV MALAD INFECT & TROP,COTE IVOIRE
113,BISSAGNENE E,BISSAGNENE,E,BISSAGNENE E,BISSAGNENE E,ABIDJAN,HOP TREICHVILLE SERV MALAD INFECT & TROP,COTE IVOIRE
114,IMPERIALE B,IMPERIALE,BELEN,IMPERIALE BELEN,IMPERIALE BELEN,DF,HOSP DR ANTONIO CETRANGOLO LAB REFERENCIA PROGRAMA CONTROL TB BUENOS AIRES,ARGENTINA
115,RAVOLONANDRIANA P,RAVOLONANDRIANA,PASCALINE,RAVOLONANDRIANA PASCALINE,RAVOLONANDRIANA PASCALINE,ANTANANARIVO,INST PASTEUR MADAGASCAR,MADAGASCAR
116,COBAN A Y,COBAN,AHMET YILMAZ,COBAN AHMET YILMAZ,COBAN AHMET YILMAZ,SAMSUN,ONDOKUZ MAYIS UNIV SCH MED DEPT MED MICROBIOL,TURKEY
117,AKGUNES A,AKGUNES,ALPER,AKGUNES ALPER,AKGUNES ALPER,SAMSUN,CHEST DIS HOSP CLIN MICROBIOL LAB,TURKEY
118,IKRAM A,IKRAM,AAMER,IKRAM AAMER,IKRAM AAMER,DERA ISMAIL KHAN,COMBINED MIL HOSP DEPT PATHOL,PAKISTAN
119,SATTI L,SATTI,LUQMAN,SATTI LUQMAN,SATTI LUQMAN,DERA ISMAIL KHAN,COMBINED MIL HOSP DEPT PATHOL,PAKISTAN
120,PANDEY P,PANDEY,POOJA,PANDEY POOJA,PANDEY POOJA,NEW DELHI,ALL INDIA INST MED SCI DEPT MICROBIOL,INDIA
121,MISHRA M,MISHRA,MANVI,MISHRA MANVI,MISHRA MANVI,NEW DELHI,ALL INDIA INST MED SCI DEPT MICROBIOL,INDIA
122,SINGH U,SINGH,URVASHI,SINGH URVASHI,SINGH URVASHI,NEW DELHI,ALL INDIA INST MED SCI DEPT MICROBIOL,INDIA
123,RASOLOFO V,RASOLOFO,VOAHANGY,RASOLOFO VOAHANGY,RASOLOFO VOAHANGY,ANTANANARIVO,INST PASTEUR MADAGASCAR,MADAGASCAR
124,MORCILLO N,MORCILLO,NORA,MORCILLO NORA,MORCILLO NORA,DF,HOSP DR ANTONIO CETRANGOLO LAB REFERENCIA PROGRAMA CONTROL TB BUENOS AIRES,ARGENTINA
125,AWOKOU F,AWOKOU,FANTCHE,AWOKOU FANTCHE,AWOKOU FANTCHE,LOME,MINIST SANTE TOGO NATL TB CONTROL PROGRAMME,TOGO
126,NOLNA D,NOLNA,DESIRE,NOLNA DESIRE,NOLNA DESIRE,YAOUNDE,NATL TB CONTROL PROGRAMME,CAMEROON
127,MANOUAN B A P,MANOUAN,BILE ADOU PHILIPPE,MANOUAN BILE ADOU PHILIPPE,MANOUAN BILE ADOU PHILIPPE,ABIDJAN,PROGRAMME NATL LUTTE TB,COTE IVOIRE
128,ACHO Y B,ACHO,YAPO BLAISE,ACHO YAPO BLAISE,ACHO YAPO BLAISE,ABIDJAN,CTR HOSP UNIV COCODY,COTE IVOIRE
129,AMOUSSOUHUI A,AMOUSSOUHUI,ARNAUD,AMOUSSOUHUI ARNAUD,AMOUSSOUHUI ARNAUD,OUIDAH,INST REG SANTE PUBL UNITE RECH,BENIN
130,OUENDO E M,OUENDO,EDGARD M,OUENDO EDGARD M,OUENDO EDGARD M,OUIDAH,INST REG SANTE PUBL UNITE RECH,BENIN
131,HOUNNANKAN A C,HOUNNANKAN,ATHANASE COSSI,HOUNNANKAN ATHANASE COSSI,HOUNNANKAN ATHANASE COSSI,OUIDAH,INST REG SANTE PUBL UNITE RECH,BENIN
132,ADJOBIMEY M,ADJOBIMEY,M,ADJOBIMEY M,ADJOBIMEY M,,,BENIN
133,SMYTHE W,SMYTHE,WYNAND,SMYTHE WYNAND,SMYTHE WYNAND,,,
134,SMITH P,SMITH,PETER,SMITH PETER,SMITH PETER,,,
135,TORREA G,TORREA,G,TORREA G,TORREA G,,,
136,DRAMAIXWILMET M,DRAMAIXWILMET,MICHELE,DRAMAIXWILMET MICHELE,DRAMAIXWILMET MICHELE,,,
137,FERROUSSIER O,FERROUSSIER,O,FERROUSSIER O,FERROUSSIER O,,,
138,DLODLO R A,DLODLO,R A,DLODLO R A,DLODLO R A,,,
139,CAPOCHICHI D,CAPOCHICHI,D,CAPOCHICHI D,CAPOCHICHI D,,,BENIN
140,BOILLOT F,BOILLOT,F,BOILLOT F,BOILLOT F,,,
141,FUJIWARA P I,FUJIWARA,P I,FUJIWARA P I,FUJIWARA P I,,,
142,AITKHALED N,AITKHALED,N,AITKHALED N,AITKHALED N,,,
143,LOUIS J P,LOUIS,JP,LOUIS JP,LOUIS JP,,,
144,GLYNN J,GLYNN,J,GLYNN J,GLYNN J,,,
145,EJO M,EJO,MEBRAT,EJO MEBRAT,EJO MEBRAT,,,
146,FISSETTE K,FISSETTE,KRISTINA,FISSETTE KRISTINA,FISSETTE KRISTINA,,,
147,NDUWAMAHORO E,NDUWAMAHORO,ELIE,NDUWAMAHORO ELIE,NDUWAMAHORO ELIE,,,
148,GOOVAERTS O,GOOVAERTS,ODIN,GOOVAERTS ODIN,GOOVAERTS ODIN,,,
149,NOESKE J,NOESKE,JUERGEN,NOESKE JUERGEN,NOESKE JUERGEN,,,
150,ADJAGBA OABG,ADJAGBA,O A B G,ADJAGBA O A B G,ADJAGBA O A B G,,,BENIN
151,TANIMOMOKLEDJO B,TANIMOMOKLEDJO,B,TANIMOMOKLEDJO B,TANIMOMOKLEDJO B,,,
152,ANAGONOU S Y,ANAGONOU,S Y,ANAGONOU S Y,ANAGONOU S Y,,,BENIN
153,ENARSON D A,ENARSON,D A,ENARSON D A,ENARSON D A,,,
154,CHIANG C Y,CHIANG,CY,CHIANG CY,CHIANG CY,,,
155,AMIDOU S A,AMIDOU,S A,AMIDOU S A,AMIDOU S A,,,BENIN
156,MONTEIRO G R,MONTEIRO,GR,MONTEIRO GR,MONTEIRO GR,,,
157,ZELLWEGER J R,ZELLWEGER,JR,ZELLWEGER JR,ZELLWEGER JR,,,
158,SHANG H,SHANG,H,SHANG H,SHANG H,,,
159,TOUNDOH N,TOUNDOH,N,TOUNDOH N,TOUNDOH N,,,
160,BEKOU W,BEKOU,W,BEKOU W,BEKOU W,,,
161,MAKPENON A,MAKPENON,A,MAKPENON A,MAKPENON A,,,
162,KOUKPEMEDJI L,KOUKPEMEDJI,LOUIS,KOUKPEMEDJI LOUIS,KOUKPEMEDJI LOUIS,,,BENIN
163,ISAACS C,ISAACS,C,ISAACS C,ISAACS C,,,
164,DELVENNE J C,DELVENNE,J C,DELVENNE J C,DELVENNE J C,,,
165,BOULAHBAL F,BOULAHBAL,F,BOULAHBAL F,BOULAHBAL F,,,
166,JAQUET A,JAQUET,A,JAQUET A,JAQUET A,,,
167,BAGOMIS F O,BAGOMIS,F O,BAGOMIS F O,BAGOMIS F O,,,
168,DABIS F,DABIS,F,DABIS F,DABIS F,,,
169,SASCO A J,SASCO,A J,SASCO A J,SASCO A J,,,
170,VANDAMME P,VANDAMME,PETER,VANDAMME PETER,VANDAMME PETER,,,
171,AZON S,AZON,SOPHIE,AZON SOPHIE,AZON SOPHIE,,,BENIN
172,ROBERT J,ROBERT,JEROME,ROBERT JEROME,ROBERT JEROME,,,
