True Id,init_name,last_name,first_name,full_name,norm_name,place,affiliation,country
0,AHOMADEGBE C,AHOMADEGBE,C,AHOMADEGBE C,AHOMADEGBE CHRISTELLE,COTONOU,CNHU HKM PEOPLE LIVING HIVS AMBULATORY TREATMENT CTR,BENIN
0,AHOMADEGBE C,AHOMADEGBE,CHRISTELLE,AHOMADEGBE CHRISTELLE,AHOMADEGBE CHRISTELLE,COTONOU,CNHU HKM PEOPLE LIVING HIVS AMBULATORY TREATMENT CTR,BENIN
1,TOURE P,TOURE,PETY,TOURE PETY,TOURE PETY,ABIDJAN,ACONDA MTCT PLUS INITIAT,COTE IVOIRE
1,PETY T,PETY,TOURE,PETY TOURE,TOURE PETY,ABIDJAN,ACONDA MTCT PLUS INITIAT,COTE IVOIRE
2,ZANNOU D M,ZANNOU,D M,ZANNOU D M,ZANNOU DJIMON MARCEL,COTONOU,UNIV DABOMEY CALAVI  FAC SCI SANTE,BENIN
2,ZANNOU D M,ZANNOU,DJIMON MARCEL,ZANNOU DJIMON MARCEL,ZANNOU DJIMON MARCEL,COTONOU,UNIV DABOMEY CALAVI  FAC SCI SANTE,BENIN
2,ZANNOU D M,ZANNOU,DJIMON M,ZANNOU DJIMON M,ZANNOU DJIMON MARCEL,COTONOU,UNIV DABOMEY CALAVI  FAC SCI SANTE,BENIN
2,ZANNOU M D,ZANNOU,MARCEL D,ZANNOU MARCEL D,ZANNOU DJIMON MARCEL,COTONOU,UNIV DABOMEY CALAVI  FAC SCI SANTE,BENIN
2,ZANNOU D M,ZANNOU,D MARCEL,ZANNOU D MARCEL,ZANNOU DJIMON MARCEL,COTONOU,UNIV DABOMEY CALAVI  FAC SCI SANTE,BENIN
2,ZANNOU M D,ZANNOU,M D,ZANNOU M D,ZANNOU DJIMON MARCEL,COTONOU,UNIV DABOMEY CALAVI  FAC SCI SANTE,BENIN
2,ZANNOU M D,ZANNOU,MARCEL DJIMON,ZANNOU MARCEL DJIMON,ZANNOU DJIMON MARCEL,COTONOU,UNIV DABOMEY CALAVI  FAC SCI SANTE,BENIN
2,ZANNOU M,ZANNOU,MARCEL,ZANNOU MARCEL,ZANNOU DJIMON MARCEL,COTONOU,UNIV DABOMEY CALAVI  FAC SCI SANTE,BENIN
2,ZANNOU M,ZANNOU,M,ZANNOU M,ZANNOU DJIMON MARCEL,COTONOU,UNIV DABOMEY CALAVI  FAC SCI SANTE,BENIN
2,ZANNOU D M,ZANNOU,DM,ZANNOU DM,ZANNOU DJIMON MARCEL,COTONOU,UNIV DABOMEY CALAVI  FAC SCI SANTE,BENIN
2,ZANNOU D M,ZANNOU,DJIMONMARCEL,ZANNOU DJIMONMARCEL,ZANNOU DJIMON MARCEL,COTONOU,UNIV DABOMEY CALAVI  FAC SCI SANTE,BENIN
2,DJIMON M Z,DJIMON,MARCEL ZANNOU,DJIMON MARCEL ZANNOU,ZANNOU DJIMON MARCEL,COTONOU,UNIV DABOMEY CALAVI  FAC SCI SANTE,BENIN
3,TCHABI Y,TCHABI,Y,TCHABI Y,TCHABI Y,COTONOU,CNHU HKM DEPT CARDIOL,BENIN
4,AGODOKPESSI G,AGODOKPESSI,G,AGODOKPESSI G,AGODOKPESSI G,COTONOU,CTR NATL HOSP PNEUMOPHTISIOL,BENIN
5,AKAKPO J,AKAKPO,J,AKAKPO J,AKAKPO JOCELYN,COTONOU,CTR NATL HOSP,BENIN
5,AKAKPO J,AKAKPO,JOCELYN,AKAKPO JOCELYN,AKAKPO JOCELYN,COTONOU,CTR NATL HOSP,BENIN
6,AHOUADA C,AHOUADA,C,AHOUADA C,AHOUADA CARIN,COTONOU,CTA,BENIN
6,AHOUADA C,AHOUADA,CARIN,AHOUADA CARIN,AHOUADA CARIN,COTONOU,CTA,BENIN
7,BASHI J,BASHI,J,BASHI J,BASHI JULES,COTONOU,PNLS,BENIN
7,BASHI J,BASHI,JULES,BASHI JULES,BASHI JULES,COTONOU,PNLS,BENIN
8,ABDOULAYE I,ABDOULAYE,I,ABDOULAYE I,ABDOULAYE I,COTONOU,CNHU HKM BIOCHEM LAB,BENIN
9,AFFOLABI D,AFFOLABI,D,AFFOLABI D,AFFOLABI D,COTONOU,CTR NATL HOSP PNEUMOPHTISIOL,BENIN
10,YOTEBIENG M,YOTEBIENG,MARCEL,YOTEBIENG MARCEL,YOTEBIENG MARCEL,COLUMBUS,OHIO STATE UNIV COLL PUBL HLTH DIV EPIDEMIOL,USA
11,MEYERS T,MEYERS,TAMMY,MEYERS TAMMY,MEYERS TAMMY,JOHANNESBURG,UNIV WITWATERSRAND FAC HLTH SCI DEPT PEDIAT,SOUTH AFRICA
12,GNINAFON M,GNINAFON,M,GNINAFON M,GNINAFON M,COTONOU,FAC SCI SANTE,BENIN
13,BEHETS F,BEHETS,FRIEDA,BEHETS FRIEDA,BEHETS FRIEDA,CHAPEL HILL,UNIV N CAROLINA SCH MED,USA
14,HOUNTON S H,HOUNTON,SENNEN HOUESSEY,HOUNTON SENNEN HOUESSEY,HOUNTON SENNEN HOUESSEY,BOBO DIOULASSO,CTR MURAZ HIV RH,BURKINA FASO
15,HIEN H,HIEN,HERVE,HIEN HERVE,HIEN HERVE,OUAGADOUGOU,CNRST IRSS,BURKINA FASO
16,KEISER O,KEISER,OLIVIA,KEISER OLIVIA,KEISER OLIVIA,BERN,UNIV BERN INST SOCIAL & PREVENT MED,SWITZERLAND
17,KONFE S,KONFE,SALIFOU,KONFE SALIFOU,KONFE SALIFOU,OUAGADOUGOU,MINIST SANTE,BURKINA FASO
18,NGONYANI K Z,NGONYANI,KAPELLA ZACHARIA,NGONYANI KAPELLA ZACHARIA,NGONYANI KAPELLA ZACHARIA,KIBAHA,TUMBI REG REFERRAL HOSP,TANZANIA
19,NANA W M F,NANA,WENDIN MANEGDE FELICITE,NANA WENDIN MANEGDE FELICITE,NANA WENDIN MANEGDE FELICITE,OUAGADOUGOU,MINIST SANTE,BURKINA FASO
20,LYAMUYA R E,LYAMUYA,RITA E,LYAMUYA RITA E,LYAMUYA RITA E,MOROGORO,MOROGORO REG HOSP,TANZANIA
21,OUEDRAOGO T L,OUEDRAOGO,TINOAGA LAURENT,OUEDRAOGO TINOAGA LAURENT,OUEDRAOGO TINOAGA LAURENT,OUIDAH,IRSP,BENIN
22,KARIMINIA A,KARIMINIA,AZAR,KARIMINIA AZAR,KARIMINIA AZAR,NSW,UNIV NEW S WALES KIRBY INST INFECT & IMMUN SOC DARLINGHURST,AUSTRALIA
23,SEMINI I,SEMINI,I,SEMINI I,SEMINI IRIS,WASHINGTON,WORLD BANK,USA
23,SEMINI I,SEMINI,IRIS,SEMINI IRIS,SEMINI IRIS,WASHINGTON,WORLD BANK,USA
24,HANSUDEWECHAKUL R,HANSUDEWECHAKUL,RAWIWAN,HANSUDEWECHAKUL RAWIWAN,HANSUDEWECHAKUL RAWIWAN,CHIANGRAI,CHIANGRAI PRACHANUKROH HOSP,THAILAND
25,SIKAZWE I,SIKAZWE,IZUKANJI,SIKAZWE IZUKANJI,SIKAZWE IZUKANJI,LUSAKA,CTR INFECT DIS RES ZAMBIA,ZAMBIA
26,LEROY V,LEROY,VALERIANE,LEROY VALERIANE,LEROY VALERIANE,BORDEAUX,UNIV BORDEAUX,FRANCE
27,LEBLANC R,LEBLANC,ROGER,LEBLANC ROGER,LEBLANC ROGER,QUEBEC,MCGILL UNIV RES INST CTR HLTH MONTREAL,CANADA
28,KOUMAKPAI S,KOUMAKPAI,SIKIRATOU,KOUMAKPAI SIKIRATOU,KOUMAKPAI SIKIRATOU A,COTONOU,CTR NATL HOSP UNIV HUBERT K MAGA,BENIN
28,KOUMAKPAI S,KOUMAKPAI,SIRIATOU,KOUMAKPAI SIRIATOU,KOUMAKPAI SIKIRATOU A,COTONOU,CTR NATL HOSP UNIV HUBERT K MAGA,BENIN
28,KOUMAKPAI S A,KOUMAKPAI,SIRIATOU A,KOUMAKPAI SIRIATOU A,KOUMAKPAI SIKIRATOU A,COTONOU,CHU NATL SERV PEDIAT,BENIN
29,ARRIVE E,ARRIVE,ELISE,ARRIVE ELISE,ARRIVE ELISE,BORDEAUX,UNIV BORDEAUX 2 INSERM ISPED U593,FRANCE
30,NEWMAN J,NEWMAN,JAMIE,NEWMAN JAMIE,NEWMAN JAMIE,RES TRIANGLE PK,RTI INT BIOSTAT & EPIDEMIOL,USA
31,TIMWESIGYE N,TIMWESIGYE,NATHAN,TIMWESIGYE NATHAN,TIMWESIGYE NATHAN,KAMPALA,AFRICAN NETWORK CARE CHILDREN AFFECTED AIDS,UGANDA
32,VAN RIE A,VAN RIE,ANNELIES,VAN RIE ANNELIES,VAN RIE ANNELIES,CHAPEL HILL,UNIV N CAROLINA DEPT EPIDEMIOL,USA
33,BRINKHOF M W G,BRINKHOF,MARTIN W G,BRINKHOF MARTIN W G,BRINKHOF MARTIN W G,BERN,UNIV BERN DEPT SOCIAL & PREVENT MED,SWITZERLAND
34,CHAMBERLAND A,CHAMBERLAND,ANNIE,CHAMBERLAND ANNIE,CHAMBERLAND ANNIE,QUEBEC,CTR HOSP UNIV MONTREAL CRCHUM CTR RECH MONTREAL,CANADA
35,DIABATE S,DIABATE,SOULEYMANE,DIABATE SOULEYMANE,DIABATE SOULEYMANE,QUEBEC,CHA UNIV QUEBEC CTR RECH FRQS CHA UNITE RECH SANTE POPULAT QUEBEC CITY,CANADA
36,SYLLA M,SYLLA,MOHAMED,SYLLA MOHAMED,SYLLA MOHAMED,QUEBEC,CTR HOSP UNIV MONTREAL CRCHUM CTR RECH MONTREAL,CANADA
36,SYLLA M,SYLLA,M,SYLLA M,SYLLA MOHAMED,QUEBEC,CTR HOSP UNIV MONTREAL CRCHUM CTR RECH MONTREAL,CANADA
37,ANAGOUNOU S,ANAGOUNOU,SEVERIN,ANAGOUNOU SEVERIN,ANAGOUNOU SEVERIN,COTONOU,CTR NATL HOSP UNIV,BENIN
37,ANAGONOU S,ANAGONOU,S,ANAGONOU S,ANAGONOU SEVERIN,COTONOU,CTR NATL HOSP UNIV,BENIN
37,ANAGONOU S,ANAGONOU,SEVERIN,ANAGONOU SEVERIN,ANAGONOU SEVERIN,COTONOU,CTR NATL HOSP UNIV,BENIN
38,GERALDO N,GERALDO,NASSIROU,GERALDO NASSIROU,GERALDO NASSIROU,COTONOU,CTR SANTE COTONOU I DISPENSAIRE IST,BENIN
38,GERALDO N,GERALDO,N,GERALDO N,GERALDO NASSIROU,COTONOU,CTR SANTE COTONOU I DISPENSAIRE IST,BENIN
39,BOULLE A,BOULLE,ANDREW,BOULLE ANDREW,BOULLE ANDREW,CAPE TOWN,KHAYELITSHA HOSP,SOUTH AFRICA
40,LABBE A C,LABBE,ANNIECLAUDE,LABBE ANNIECLAUDE,LABBE ANNIECLAUDE,,,
40,LABBE A C,LABBE,AC,LABBE AC,LABBE ANNIECLAUDE,,,
41,WOROBEY M,WOROBEY,MICHAEL,WOROBEY MICHAEL,WOROBEY MICHAEL,TUCSON,UNIV ARIZONA DEPT ECOL & EVOLUTIONARY BIOL,USA
42,KARIYO P,KARIYO,PIERRE,KARIYO PIERRE,KARIYO PIERRE,BUJUMBURA,ANSS,BURUNDI
43,ALARY M,ALARY,MICHEL,ALARY MICHEL,ALARY MICHEL,QUEBEC,UNIV LAVAL QUEBEC CITY,CANADA
43,ALARY M,ALARY,M,ALARY M,ALARY MICHEL,QUEBEC,UNIV LAVAL QUEBEC CITY,CANADA
44,DRYLEWICZ J,DRYLEWICZ,JULIA,DRYLEWICZ JULIA,DRYLEWICZ JULIA,BORDEAUX,INSERM U897,FRANCE
45,DELAMOU A,DELAMOU,ALEXANDRE,DELAMOU ALEXANDRE,DELAMOU ALEXANDRE,FORECARIAH,CTR NATL FORMAT & RECH SANTE RURALE MAFERINYAH,GUINEA
46,TREMBLAY C,TREMBLAY,CECILE,TREMBLAY CECILE,TREMBLAY CECILE,QUEBEC,CTR HOSP UNIV MONTREAL CRCHUM CTR RECH MONTREAL,CANADA
47,VAN DER VEKEN K,VAN DER VEKEN,KAREN,VAN DER VEKEN KAREN,VAN DER VEKEN KAREN,ANTWERP,INST TROP MED WOMAN & CHILD HLTH RES CTR 155 NATIONALSTR,BELGIUM
48,JESSON J,JESSON,JULIE,JESSON JULIE,JESSON JULIE,BORDEAUX,UNIV BORDEAUX CTR INSERM EPIDEMIOL BIOSTAT U897 ISPED,FRANCE
49,NAMALE L,NAMALE,LETICIA,NAMALE LETICIA,NAMALE LETICIA,KAMPALA,ANECCA,UGANDA
50,DIAGNE N R,DIAGNE,NDEYE R,DIAGNE NDEYE R,DIAGNE NDEYE R,DAKAR,HOP ENFANTS ALBERT ROYER,SENEGAL
51,OUEDRAOGO M,OUEDRAOGO,MOCTAR,OUEDRAOGO MOCTAR,OUEDRAOGO MOCTAR,BOBO DIOULASSO,AGENCE FORMAT RECH & EXPERTISE SANTE AFRIQUE 773 RUE GUILLAUME OUEDRAOGO,BURKINA FASO
52,KOUETA F,KOUETA,FLA,KOUETA FLA,KOUETA FLA,OUAGADOUGOU,CHU CHARLES GAULLE HOP PEDIAT,BURKINA FASO
53,AKA A,AKA,ADDI,AKA ADDI,AKA EDMOND ADDI,ABIDJAN,CTR PRISE CHARGE RECH & FORMAT CEPREF,COTE IVOIRE
53,AKA E A,AKA,EDMOND A,AKA EDMOND A,AKA EDMOND ADDI,ABIDJAN,CTR PRISE CHARGE RECH & FORMAT CEPREF,COTE IVOIRE
53,AKA E,AKA,EDMOND,AKA EDMOND,AKA EDMOND ADDI,ABIDJAN,CTR PRISE CHARGE RECH & FORMAT CEPREF,COTE IVOIRE
54,ZINSOU C,ZINSOU,CYPRIEN,ZINSOU CYPRIEN,ZINSOU CYPRIEN,COTONOU,POPULAT SERV INT,BENIN
56,KOUDOUKPO C,KOUDOUKPO,C,KOUDOUKPO C,KOUDOUKPO C,PARAKOU,TEACHING HOSP PARAKOU DEPT DERMATOL VENEREOL,BENIN
57,DIADHIOU M,DIADHIOU,MOHAMED,DIADHIOU MOHAMED,DIADHIOU MOHAMED,DAKAR,MATERNITE HOP ARISTIDE LE DANTEC CTR REG FORMAT RECH & PLAIDOYER SANTE REPROD,SENEGAL
58,DICKO F,DICKO,FATOUMATA,DICKO FATOUMATA,DICKO FATOUMATA,BAMAKO,HOP GABRIEL TOURE,MALI
59,YEDOMON H G,YEDOMON,H G,YEDOMON H G,YEDOMON H G,COTONOU,NATL TEACHING HOSP HUBERT KOUTOUKOU MAGA DEPT DERMATOL VENEREOL,BENIN
60,KOUAKOU K,KOUAKOU,KOUADIO,KOUAKOU KOUADIO,KOUAKOU KOUADIO,ABIDJAN,CIRBA,COTE IVOIRE
60,KOUADIO K,KOUADIO,KOUAKOU,KOUADIO KOUAKOU,KOUADIO KOUAKOU,ABIDJAN,CIRBA,COTE IVOIRE
61,MASSINGALOEMBE M,MASSINGALOEMBE,MARGUERITE,MASSINGALOEMBE MARGUERITE,MASSINGALOEMBE MARGUERITE,,,
61,MASSINGALOEMBE M,MASSINGALOEMBE,M,MASSINGALOEMBE M,MASSINGALOEMBE MARGUERITE,,,
63,RENNER L,RENNER,LORNA,RENNER LORNA,RENNER LORNA,ACCRA,KORLE BU HOSP,GHANA
64,MASSON D,MASSON,DAVID,MASSON DAVID,MASSON DAVID,PARIS,GROWING PROGRAMME SIDACT & INITIAT DEV,FRANCE
65,EBOUA T,EBOUA,TANOH,EBOUA TANOH,EBOUA TANOH,ABIDJAN,CTR HOSP UNIV YOPOUGON SERV PEDIAT,COTE IVOIRE
66,ADONON A,ADONON,ARSENE,ADONON ARSENE,ADONON ARSENE,COTONOU,RACINES,BENIN
67,COFFIE P A,COFFIE,PATRICK A,COFFIE PATRICK A,COFFIE PATRICK A,ABIDJAN,BUR REG LEDEA W AFRICA PROGRAMME PACCI,COTE IVOIRE
67,COFFIE P A,COFFIE,P A,COFFIE P A,COFFIE PATRICK A,ABIDJAN,BUR REG LEDEA W AFRICA PROGRAMME PACCI,COTE IVOIRE
68,PETERSON K,PETERSON,KEVIN,PETERSON KEVIN,PETERSON KEVIN,BANJUL,MRC,GAMBIA
69,DESMONDE S,DESMONDE,SOPHIE,DESMONDE SOPHIE,DESMONDE SOPHIE,BORDEAUX,UNIV BORDEAUX,FRANCE
70,HABARUGIRA C,HABARUGIRA,CAPITOLINE,HABARUGIRA CAPITOLINE,HABARUGIRA CAPITOLINE,BUJUMBURA,ANSS ASSOC NATL SOUTIEN SEROPOSITIFS & MALAD SIAD,BURUNDI
71,NDOYE I,NDOYE,IBRA,NDOYE IBRA,NDOYE IBRA,DAKAR,MINIST HLTH NATL AIDS PROGRAMME,SENEGAL
71,NDOYE I,NDOYE,I,NDOYE I,NDOYE IBRA,DAKAR,MINIST HLTH NATL AIDS PROGRAMME,SENEGAL
72,MOH R,MOH,RAOUL,MOH RAOUL,MOH RAOUL,ABIDJAN,PROGRAMME PACCI,COTE IVOIRE
73,SEGERAL O,SEGERAL,OLIVIER,SEGERAL OLIVIER,SEGERAL OLIVIER,LE KREMLIN BICETRE,HOP BICETRE DEPT CLIN IMMUNOL,FRANCE
74,SERURAKUBA G,SERURAKUBA,GORETH,SERURAKUBA GORETH,SERURAKUBA GORETH,BORDEAUX,UNIV BORDEAUX SEGALEN INSERM CTR RECH ISPED U897,FRANCE
75,KWAYEP R,KWAYEP,ROSINE,KWAYEP ROSINE,KWAYEP ROSINE,DOUALA,SWAA LITTORAL SOC WOMEN AIDS AFRICA,CAMEROON
76,PAGNAROAT M,PAGNAROAT,MEN,PAGNAROAT MEN,PAGNAROAT MEN,PHNOM PENH,SHARING EXPERIENCE ADAPTED DEV,CAMBODIA
77,SARE E,SARE,EDITH,SARE EDITH,SARE EDITH,IVORY COAST,CSAS BOUAKE,COTE IVOIRE
78,KONATE T,KONATE,TIEFING,KONATE TIEFING,KONATE TIEFING,BAMAKO,ARCAD ASSOC RECH COMMUN & ACCOMPAGNEMENT DOMINICI,MALI
79,AZONKOUANOU A,AZONKOUANOU,ANGELE,AZONKOUANOU ANGELE,AZONKOUANOU ANGELE,COTONOU,,BENIN
79,AZONKOUANOU A,AZONKOUANOU,A,AZONKOUANOU A,AZONKOUANOU ANGELE,COTONOU,,BENIN
80,NIMAGA A,NIMAGA,ABDOULAYE,NIMAGA ABDOULAYE,NIMAGA ABDOULAYE,SIKASSO,AKS,MALI
81,SAINA P,SAINA,PHILEMON,SAINA PHILEMON,SAINA PHILEMON,TCHAD,ADN MOUNDOU,CHAD
82,ZAONGO D,ZAONGO,DIEUDONNE,ZAONGO DIEUDONNE,ZAONGO DIEUDONNE,TANGUIETA,ST JEAN DE DIEU HOSP,BENIN
83,KPADE A,KPADE,AKOSSIWA,KPADE AKOSSIWA,KPADE AKOSSIWA,LOME,AMC,TOGO
84,ANGLARET X,ANGLARET,XAVIER,ANGLARET XAVIER,ANGLARET XAVIER,BORDEAUX,INSERM U897,FRANCE
85,BASSUKA A,BASSUKA,ANDREE,BASSUKA ANDREE,BASSUKA ANDREE,LOME,EVT,TOGO
86,LAURENT C,LAURENT,CHRISTIAN,LAURENT CHRISTIAN,LAURENT CHRISTIAN,MONTPELLIER,UNIV MONTPELLIER I INST RECH DEV UMI 233,FRANCE
87,TOUDONOU A,TOUDONOU,ANNICETTE,TOUDONOU ANNICETTE,TOUDONOU ANNICETTE,COTONOU,HOP INSTRUCT ARMEES COTONOU SERV PEDIAT,BENIN
88,AZONDEKON A,AZONDEKON,ALAIN,AZONDEKON ALAIN,AZONDEKON ALAIN,COTONOU,HOP INSTRUCT ARMEES COTONOU SERV PEDIAT,BENIN
88,AZONDEKON A,AZONDEKON,A,AZONDEKON A,AZONDEKON ALAIN,COTONOU,HOP INSTRUCT ARMEES COTONOU SERV PEDIAT,BENIN
89,MERLE C S,MERLE,C S,MERLE C S,MERLE C S,GENEVA,WHO TDR,SWITZERLAND
90,ABOUBAKRINE M,ABOUBAKRINE,MAIGA,ABOUBAKRINE MAIGA,ABOUBAKRINE MAIGA,BAMAKO,HOP GABRIEL TOURE SERV HEPATOGASTROENTEROL,MALI
90,ABOUBAKRINE M,ABOUBAKRINE,M,ABOUBAKRINE M,ABOUBAKRINE MAIGA,BAMAKO,HOP GABRIEL TOURE SERV HEPATOGASTROENTEROL,MALI
91,PEPIN J,PEPIN,J,PEPIN J,PEPIN J,QUEBEC,UNIV SHERBROOKE CHUS SHERBROOKE,CANADA
92,KONE A,KONE,A,KONE A,KONE A,NIAMEY,CCISD,NIGER
93,KHONDE N,KHONDE,N,KHONDE N,KHONDE N,ACCRA,WAPCAS,GHANA
94,GALPERINE T,GALPERINE,T,GALPERINE T,GALPERINE T,PARIS,TENON HOSP,FRANCE
95,ASAMOAHADU C,ASAMOAHADU,C,ASAMOAHADU C,ASAMOAHADU COMFORT,,,
95,ASAMOAHADU C,ASAMOAHADU,COMFORT,ASAMOAHADU COMFORT,ASAMOAHADU COMFORT,,,
96,GUEHI C,GUEHI,CALIXTE,GUEHI CALIXTE,GUEHI CALIXTE,ABIDJAN,USAC,COTE IVOIRE
96,GUEHI C,GUEHI,C,GUEHI C,GUEHI CALIXTE,ABIDJAN,USAC,COTE IVOIRE
97,VINCENT Q B,VINCENT,QUENTIN B,VINCENT QUENTIN B,VINCENT QUENTIN B,PARIS,INSERM NECKER BRANCH LAB HUMAN GENET INFECT DIS U1163,FRANCE
98,MCILLERON H,MCILLERON,H,MCILLERON H,MCILLERON H,CAPE TOWN,UNIV CAPE TOWN CLIN PHARMACOL LAB,SOUTH AFRICA
99,MARSOLLIER L,MARSOLLIER,LAURENT,MARSOLLIER LAURENT,MARSOLLIER LAURENT,ANGERS,CHU ANGERS,FRANCE
100,SARR M,SARR,M,SARR M,SARR M,DAKAR,NATL TB PROGRAMME,SENEGAL
101,CHAUTY A,CHAUTY,ANNICK,CHAUTY ANNICK,CHAUTY ANNICK,POBE,CTR DEPISTAGE & TRAITEMENT ULCERE BURULI,BENIN
102,ALCAIS A,ALCAIS,ALEXANDRE,ALCAIS ALEXANDRE,ALCAIS ALEXANDRE,PARIS,ROCKEFELLER UNIV ST GILES LAB HUMAN GENET INFECT DIS ROCKEFELLER BRANCH,FRANCE
103,AGONNOUDE M,AGONNOUDE,MAURICE,AGONNOUDE MAURICE,AGONNOUDE MAURICE,COTONOU,BASP 96,BENIN
104,ANAGBLA T,ANAGBLA,TOUSSAIN,ANAGBLA TOUSSAIN,ANAGBLA TOUSSAIN,COTONOU,HOSP MENONTIN BP 160,BENIN
105,CATRAYE J,CATRAYE,JOSEPH,CATRAYE JOSEPH,CATRAYE JOSEPH,COTONOU,BASP 96,BENIN
107,DE JONG B C,DE JONG,B C,DE JONG B C,DE JONG B C,ANTWERP,INST TROP MED,BELGIUM
108,BALESTRE E,BALESTRE,ERIC,BALESTRE ERIC,BALESTRE ERIC,BORDEAUX,UNIV BORDEAUX ISPED CTR INSERM EPIDEMIOL BIOSTAT U897,FRANCE
108,BALESTRE E,BALESTRE,E,BALESTRE E,BALESTRE ERIC,BORDEAUX,UNIV BORDEAUX ISPED CTR INSERM EPIDEMIOL BIOSTAT U897,FRANCE
109,MINGA A,MINGA,ALBERT,MINGA ALBERT,MINGA ALBERT,ABIDJAN,CMSDS,COTE IVOIRE
109,MINGA A,MINGA,A,MINGA A,MINGA ALBERT,ABIDJAN,CMSDS,COTE IVOIRE
110,AJAYI S,AJAYI,SAMUEL,AJAYI SAMUEL,AJAYI SAMUEL,ABUJA,UATH,NIGERIA
111,SAWADOGO A,SAWADOGO,ADRIEN,SAWADOGO ADRIEN,SAWADOGO ADRIEN,BOBO DIOULASSO,CHU SOURO SANOU HOP JOUR,BURKINA FASO
112,NEWLANDS D,NEWLANDS,DAVID,NEWLANDS DAVID,NEWLANDS DAVID,ABERDEEN,UNIV ABERDEEN,SCOTLAND
113,BOILY M C,BOILY,M C,BOILY M C,BOILY M C,LONDON,UNIV LONDON IMPERIAL COLL SCI TECHNOL & MED,ENGLAND
114,LOWNDES C,LOWNDES,C,LOWNDES C,LOWNDES CATHERINE M,LONDON,HLTH PROTECT AGCY,ENGLAND
114,LOWNDES C M,LOWNDES,CATHERINE M,LOWNDES CATHERINE M,LOWNDES CATHERINE M,LONDON,HLTH PROTECT AGCY,ENGLAND
114,LOWNDES C M,LOWNDES,C M,LOWNDES C M,LOWNDES CATHERINE M,LONDON,HLTH PROTECT AGCY,ENGLAND
114,LOWNDES C M,LOWNDES,CM,LOWNDES CM,LOWNDES CATHERINE M,LONDON,HLTH PROTECT AGCY,ENGLAND
115,EKOUEVI D K,EKOUEVI,DIDIER K,EKOUEVI DIDIER K,EKOUEVI DIDIER K,LOME,UNIV LOME  FAC SCI SANTE  DEPT SCI FONDAMENTALES & SANTE PUBL,TOGO
115,EKOUEVI D K,EKOUEVI,D K,EKOUEVI D K,EKOUEVI DIDIER K,LOME,UNIV LOME  FAC SCI SANTE  DEPT SCI FONDAMENTALES & SANTE PUBL,TOGO
115,EKOUEVI D,EKOUEVI,DIDIER,EKOUEVI DIDIER,EKOUEVI DIDIER K,LOME,UNIV LOME  FAC SCI SANTE  DEPT SCI FONDAMENTALES & SANTE PUBL,TOGO
116,BROWN S,BROWN,STEVE,BROWN STEVE,BROWN STEVE,INDIANAPOLIS,INDIANA UNIV SCH MED,USA
117,DEMERS E,DEMERS,E,DEMERS E,DEMERS E,QUEBEC,UNIV QUEBEC CHA CTR HOSP AFFILIE QUEBEC CITY,CANADA
118,DABIS F,DABIS,FRANCOIS,DABIS FRANCOIS,DABIS FRANCOIS,BORDEAUX,UNIV BORDEAUX ISPED CTR INSERM EPIDEMIOL BIOSTAT U897,FRANCE
118,DABIS F,DABIS,F,DABIS F,DABIS FRANCOIS,BORDEAUX,UNIV BORDEAUX ISPED CTR INSERM EPIDEMIOL BIOSTAT U897,FRANCE
119,CHIMBETETE C,CHIMBETETE,CLEOPHAS,CHIMBETETE CLEOPHAS,CHIMBETETE CLEOPHAS,HARARE,NEWLANDS CLIN,ZIMBABWE
120,BECQUET R,BECQUET,RENAUD,BECQUET RENAUD,BECQUET RENAUD,BORDEAUX,UNIV BORDEAUX ISPED CTR INSERM EPIDEMIOL BIOSTAT U897,FRANCE
122,LABBE A C,LABBE,A C,LABBE A C,LABBE A C,COTONOU,CTR NATL HOSP UNIV,BENIN
123,ADE G,ADE,G,ADE G,ADE GABRIEL,COTONOU,CTR NATL HOSP UNIV HUBERT KOUTOUCOU MAGA,BENIN
123,ADE G,ADE,GABRIEL,ADE GABRIEL,ADE GABRIEL,COTONOU,CTR NATL HOSP UNIV HUBERT KOUTOUCOU MAGA,BENIN
123,GABRIEL A,GABRIEL,ADE,GABRIEL ADE,ADE GABRIEL,COTONOU,CTR NATL HOSP UNIV HUBERT KOUTOUCOU MAGA,BENIN
124,ABRAMS E J,ABRAMS,ELAINE J,ABRAMS ELAINE J,ABRAMS ELAINE J,NEW YORK,COLUMBIA UNIV MAILMAN SCH PUBL HLTH,USA
125,ATADOKPEDE F,ATADOKPEDE,F,ATADOKPEDE F,ATADOKPEDE FELIX,COTONOU,HOP INSTRUCT ARMEES,BENIN
125,ATADOKPEDE F,ATADOKPEDE,FELIX,ATADOKPEDE FELIX,ATADOKPEDE FELIX,COTONOU,HOP INSTRUCT ARMEES,BENIN
126,CAPOCHICHI J,CAPOCHICHI,JUSTINE,CAPOCHICHI JUSTINE,CAPOCHICHI JUSTINE,OUIDAH,INST REG SANTE PUBL,BENIN
127,ANAGONOU S Y,ANAGONOU,SY,ANAGONOU SY,ANAGONOU S Y,COTONOU,,BENIN
127,ANAGONOUY S,ANAGONOUY,S,ANAGONOUY S,ANAGONOUY S Y,COTONOU,,BENIN
128,HOUNGBE F,HOUNGBE,F,HOUNGBE F,HOUNGBE FABIEN,COTONOU,CTR NATL HOSP & UNIV HUBERT KOUTOUKOU MAGA SERV MED INTERNE,BENIN
128,HOUNGBE F,HOUNGBE,FABIEN,HOUNGBE FABIEN,HOUNGBE FABIEN,COTONOU,CTR NATL HOSP & UNIV HUBERT KOUTOUKOU MAGA SERV MED INTERNE,BENIN
129,DENOEUDNDAM L,DENOEUDNDAM,L,DENOEUDNDAM L,DENOEUDNDAM LISE,,,
129,DENOEUDNDAM L,DENOEUDNDAM,LISE,DENOEUDNDAM LISE,DENOEUDNDAM LISE,,,
130,COPPIETERS Y,COPPIETERS,YVES,COPPIETERS YVES,COPPIETERS YVES,BRUSSELS,UNIV LIBRE BRUXELLES ECOLE SANTE PUBL DEPT EPIDEMIOL & PROMOT SANTE,BELGIUM
131,FOURCADE C,FOURCADE,C,FOURCADE C,FOURCADE CAMILLE,PARIS,UNIV PARIS 05 FAC PHARM,FRANCE
131,FOURCADE C,FOURCADE,CAMILLE,FOURCADE CAMILLE,FOURCADE CAMILLE,PARIS,UNIV PARIS 05 FAC PHARM,FRANCE
132,WANDELER G,WANDELER,GILLES,WANDELER GILLES,WANDELER GILLES,BERN,UNIV BERN,SWITZERLAND
133,AFANGNIHOUN A,AFANGNIHOUN,A,AFANGNIHOUN A,AFANGNIHOUN ALDRIC,COTONOU,HOP ZONE SURU LERE CTR TRAITEMENT AMBULATOIRE,BENIN
133,AFANGNIHOUN A,AFANGNIHOUN,ALDRIC,AFANGNIHOUN ALDRIC,AFANGNIHOUN ALDRIC,COTONOU,HOP ZONE SURU LERE CTR TRAITEMENT AMBULATOIRE,BENIN
134,RICHARD J,RICHARD,JONATHAN,RICHARD JONATHAN,RICHARD JONATHAN,QUEBEC,CRCHUM MONTREAL,CANADA
135,DOSSOUGBETE L,DOSSOUGBETE,L,DOSSOUGBETE L,DOSSOUGBETE LUCIEN,PORTO NOVO,CLIN LOUIS PASTEUR,BENIN
135,DOSSOUGBETE L,DOSSOUGBETE,LUCIEN,DOSSOUGBETE LUCIEN,DOSSOUGBETE LUCIEN,PORTO NOVO,CLIN LOUIS PASTEUR,BENIN
136,VEILLETTE M,VEILLETTE,MAXIME,VEILLETTE MAXIME,VEILLETTE MAXIME,QUEBEC,CRCHUM MONTREAL,CANADA
137,GUEDOU F,GUEDOU,F,GUEDOU F,GUEDOU FERNAND A,COTONOU,DISPENSAIRE IST,BENIN
137,GUEDOU F,GUEDOU,FERNAND,GUEDOU FERNAND,GUEDOU FERNAND A,COTONOU,DISPENSAIRE IST,BENIN
137,GUEDOU F A,GUEDOU,FERNAND A,GUEDOU FERNAND A,GUEDOU FERNAND A,COTONOU,DISPENSAIRE IST,BENIN
138,COT M,COT,M,COT M,COT MICHEL,PARIS,INST RECH DEV UMR 216 MERE & ENFANT FACE INFECT TROP,FRANCE
138,COT M,COT,MICHEL,COT MICHEL,COT MICHEL,PARIS,INST RECH DEV UMR 216 MERE & ENFANT FACE INFECT TROP,FRANCE
139,POUDRIER J,POUDRIER,JOHANNE,POUDRIER JOHANNE,POUDRIER JOHANNE,QUEBEC,CRCHUM MONTREAL,CANADA
139,POUDRIER J,POUDRIER,J,POUDRIER J,POUDRIER JOHANNE,QUEBEC,CRCHUM MONTREAL,CANADA
140,FINZI A,FINZI,ANDRES,FINZI ANDRES,FINZI ANDRES,QUEBEC,UNIV MONTREAL DEPT MICROBIOL INFECTIOL & IMMUNOL MONTREAL,CANADA
141,EBOUA F T,EBOUA,FRANCOIS T,EBOUA FRANCOIS T,EBOUA FRANCOIS T,ABIDJAN,CHU YOPOUGON,COTE IVOIRE
142,CENTER R J,CENTER,ROBERT J,CENTER ROBERT J,CENTER ROBERT J,MELBOURNE,UNIV MELBOURNE DEPT MICROBIOL & IMMUNOL PARKVILLE,AUSTRALIA
143,MALATESTE K,MALATESTE,KAREN,MALATESTE KAREN,MALATESTE KAREN,BORDEAUX,UNIV BORDEAUX SEGALEN INST SANTE PUBL EPIDEMIOL & DEV INSERM U897,FRANCE
144,FURCO A,FURCO,A,FURCO A,FURCO A,LONDON,UCL,ENGLAND
145,VAN DE PERRE P,VAN DE PERRE,PHILIPPE,VAN DE PERRE PHILIPPE,VAN DE PERRE PHILIPPE,MONTPELLIER,UNIV MONTPELLIER I INSERM U1058,FRANCE
146,NGBECHE S,NGBECHE,SYLVIE,NGBECHE SYLVIE,NGBECHE SYLVIE,ABIDJAN,CTR PEDIAT PRISE CHARGE RECH & FORMAT CEPREF,COTE IVOIRE
147,SY H S,SY,HABY SIGNATE,SY HABY SIGNATE,SY HABY SIGNATE,DAKAR,HOP ENFANTS ALBERT ROYER,SENEGAL
148,MAIGA M Y,MAIGA,MOUSSA Y,MAIGA MOUSSA Y,MAIGA MOUSSA Y,BAMAKO,HOP GABRIEL TOURE SERV HEPATOGASTROENTEROL,MALI
150,TRAORE I,TRAORE,ISIDORE,TRAORE ISIDORE,TRAORE ISIDORE,OUAGADOUGOU,UNIV OUAGADOUGOU CTR RECH INT SANTE,BURKINA FASO
151,BAGOMIS F O,BAGOMIS,FRANCK OLIVIER,BAGOMIS FRANCK OLIVIER,BAGOMIS FRANCK OLIVIER,,,
151,BAGOMIS F O,BAGOMIS,F O,BAGOMIS F O,BAGOMIS FRANCK OLIVIER,,,
152,AKINOCHO E,AKINOCHO,EVELYNE,AKINOCHO EVELYNE,AKINOCHO EVELYNE,COTONOU,PROGRAMME NATL LUTTE SIDA & LES IST,BENIN
152,AKINOCHO E,AKINOCHO,E,AKINOCHO E,AKINOCHO EVELYNE,COTONOU,PROGRAMME NATL LUTTE SIDA & LES IST,BENIN
152,EVELYNE A,EVELYNE,A,EVELYNE A,AKINOCHO EVELYNE,COTONOU,PROGRAMME NATL LUTTE IST SIDA BENIN,BENIN
153,BRIAND V,BRIAND,VALERIE,BRIAND VALERIE,BRIAND VALERIE,PARIS,FAC PHARM IRD UMR 216,FRANCE
154,NAGOT N,NAGOT,NICOLAS,NAGOT NICOLAS,NAGOT NICOLAS,MONTPELLIER,UNIV MONTPELLIER I INSERM U1058,FRANCE
155,AGOSSOU V K,AGOSSOU,VIDEHOUENOU K,AGOSSOU VIDEHOUENOU K,AGOSSOU VIDEHOUENOU K,COTONOU,CTR NATL HOSP UNIV HUBERT KOUTOUKOU MAGA CLIN UNIV GYNECOL OBSTET,BENIN
156,MARQUIS B,MARQUIS,BENOIT,MARQUIS BENOIT,MARQUIS BENOIT,BORDEAUX,INST SANTE PUBL & DEV ISPED INSERM U897,FRANCE
157,AZON D,AZON,D,AZON D,AZON D,COTONOU,NATL PROGRAM FIGHT AIDS,BENIN
158,KOMONGUI D G,KOMONGUI,DIDIER G,KOMONGUI DIDIER G,KOMONGUI DIDIER G,COTONOU,HOP MERE & ENFANT LAGUNE SERV GYNECOL OBSTET,BENIN
159,FOURCADE L,FOURCADE,LYVIA,FOURCADE LYVIA,FOURCADE LYVIA,QUEBEC,CRCHUM LAB IMMUNOGENET MONTREAL,CANADA
160,ALLOU G,ALLOU,GERARD,ALLOU GERARD,ALLOU GERARD,ABIDJAN,CHU TREICHVILLE PROGRAMME PAC CI,COTE IVOIRE
160,ALLOU G,ALLOU,G,ALLOU G,ALLOU GERARD,ABIDJAN,CHU TREICHVILLE PROGRAMME PAC CI,COTE IVOIRE
161,PRIULI G,PRIULI,GIANBATTISTA,PRIULI GIANBATTISTA,PRIULI GIANBATTISTA,TANGUIETA,ST JEAN DE DIEU HOSP,BENIN
162,PARSONS M S,PARSONS,MATTHEW S,PARSONS MATTHEW S,PARSONS MATTHEW S,QUEBEC,MCGILL UNIV RES INST CTR HLTH MONTREAL,CANADA
163,LACOMBE K,LACOMBE,KARINE,LACOMBE KARINE,LACOMBE KARINE,PARIS,UNIV PARIS 06 FAC MED ST ANTOINE,FRANCE
164,BITERA R,BITERA,R,BITERA R,BITERA RAPHAEL,QUEBEC,UNIV LAVAL DEPT MED SOCIALE & PREVENT QUEBEC CITY,CANADA
164,BITERA R,BITERA,RAPHAEL,BITERA RAPHAEL,BITERA RAPHAEL,QUEBEC,UNIV LAVAL DEPT MED SOCIALE & PREVENT QUEBEC CITY,CANADA
165,KPATCHAVI A,KPATCHAVI,A,KPATCHAVI A,KPATCHAVI ADOLPHE,COTONOU,UNIV ABOMEY CALAVI DEPT SOCIOL,BENIN
165,KPATCHAVI A,KPATCHAVI,ADOLPHE,KPATCHAVI ADOLPHE,KPATCHAVI ADOLPHE,COTONOU,UNIV ABOMEY CALAVI DEPT SOCIOL,BENIN
166,ROULEAU D,ROULEAU,DANIELLE,ROULEAU DANIELLE,ROULEAU DANIELLE,QUEBEC,CTR HOSP UNIV MONTREAL DEPT MICROBIOL MONTREAL,CANADA
167,MICHEL A,MICHEL,A,MICHEL A,MICHEL A,QUEBEC,UNIV LAVAL URESP CHA QUEBEC CITY,CANADA
168,GOUGOUNON A,GOUGOUNON,ALICE,GOUGOUNON ALICE,GOUGOUNON ALICE,COTONOU,CTR NATL HOSP & UNIV HUBERT KOUTOUKOU MAGA SERV MED INTERNE,BENIN
168,GOUGOUNON A,GOUGOUNON,A,GOUGOUNON A,GOUGOUNON ALICE,COTONOU,CTR NATL HOSP & UNIV HUBERT KOUTOUKOU MAGA SERV MED INTERNE,BENIN
169,RENE K,RENE,K,RENE K,RENE K,COTONOU,PROGRAMME NATL LUTTE IST SIDA BENIN,BENIN
170,AKONDE A,AKONDE,ALAIN,AKONDE ALAIN,AKONDE ALAIN,COTONOU,CTR NATL HOSP & UNIV HUBERT KOUTOUKOU MAGA SERV MED INTERNE,BENIN
171,VIGANO P,VIGANO,PAOLO,VIGANO PAOLO,VIGANO PAOLO,MILAN,HOSP LEGNANO DEPT INFECT DIS,ITALY
173,CLEMENT A,CLEMENT,A,CLEMENT A,AHOUSSINOU CLEMENT,COTONOU,PROGRAMME NATL LUTTE IST SIDA BENIN,BENIN
173,AHOUSSINOU C,AHOUSSINOU,CLEMENT,AHOUSSINOU CLEMENT,AHOUSSINOU CLEMENT,COTONOU,PROGRAMME NATL LUTTE SIDA & IST,BENIN
173,AHOUSSINOU C,AHOUSSINOU,C,AHOUSSINOU C,AHOUSSINOU CLEMENT,COTONOU,PROGRAMME NATL LUTTE SIDA & IST,BENIN
174,KENT S J,KENT,STEPHEN J,KENT STEPHEN J,KENT STEPHEN J,MELBOURNE,UNIV MELBOURNE DEPT MICROBIOL & IMMUNOL PARKVILLE,AUSTRALIA
175,KAMAYE I M,KAMAYE,I M,KAMAYE I M,KAMAYE I M,NIAMEY,PROGRAMME NATL LUTTE IST SIDA NIGER,NIGER
176,FASSINOU P,FASSINOU,PATRICIA,FASSINOU PATRICIA,FASSINOU PATRICIA,ABIDJAN,UNIV YOPOUGON CTR HOSP,COTE IVOIRE
177,HASSANE D,HASSANE,D,HASSANE D,HASSANE D,NIAMEY,PROGRAMME NATL LUTTE IST SIDA NIGER,NIGER
178,BELAID L,BELAID,LOUBNA,BELAID LOUBNA,BELAID LOUBNA,ANTWERP,INST TROP MED WOMAN & CHILD HLTH RES CTR 155 NATIONALSTR,BELGIUM
179,THIEBAUT R,THIEBAUT,RODOLPHE,THIEBAUT RODOLPHE,THIEBAUT RODOLPHE,BORDEAUX,UNIV BORDEAUX 2 ISPED INSERM EPIDEMIOL & BIOSTAT U897,FRANCE
180,BWANA M B,BWANA,MWEBESA BOSCO,BWANA MWEBESA BOSCO,BWANA MWEBESA BOSCO,MBARARA,MBARARA UNIV SCI & TECHNOL,UGANDA
181,NASH D,NASH,DENIS,NASH DENIS,NASH DENIS,NEW YORK,CUNY,USA
182,MOORE R D,MOORE,RICHARD D,MOORE RICHARD D,MOORE RICHARD D,BALTIMORE,JOHNS HOPKINS UNIV,USA
183,WOOD R,WOOD,ROBIN,WOOD ROBIN,WOOD ROBIN,CAPE TOWN,UNIV CAPE TOWN,SOUTH AFRICA
184,COTTON M,COTTON,MARK,COTTON MARK,COTTON MARK,CAPE TOWN,TYGERBERG CHILDRENS HOSP,SOUTH AFRICA
185,WACHINOU A P,WACHINOU,ABLO PRUDENCE,WACHINOU ABLO PRUDENCE,WACHINOU ABLO PRUDENCE,COTONOU,PROGRAMME NATL LUTTE TB,BENIN
185,WACHINOU A P,WACHINOU,A P,WACHINOU A P,WACHINOU ABLO PRUDENCE,COTONOU,PROGRAMME NATL LUTTE TB,BENIN
186,ALTHOFF K N,ALTHOFF,KERI N,ALTHOFF KERI N,ALTHOFF KERI N,BALTIMORE,JOHNS HOPKINS UNIV,USA
187,LIM P L,LIM,POH LIAN,LIM POH LIAN,LIM POH LIAN,SINGAPORE,TAN TOCK SENG HOSP INST INFECT DIS,SINGAPORE
188,NACHEGA J B,NACHEGA,JEAN B,NACHEGA JEAN B,NACHEGA JEAN B,BALTIMORE,UNIV PITTSBURGH GRAD SCH PUBL HLTH DEPT EPIDEMIOL PROGRAM INFECT DIS,USA
189,LA RUCHE G,LA RUCHE,GUY,LA RUCHE GUY,LA RUCHE GUY,COTONOU,MINIST SANTE PROGRAMME NATL LUTTE CONTRE SIDA,BENIN
190,EASTERBROOK P J,EASTERBROOK,PHILIPPA J,EASTERBROOK PHILIPPA J,EASTERBROOK PHILIPPA J,KAMPALA,INFECT DIS INST,UGANDA
191,KAMBUGU A,KAMBUGU,ANDREW,KAMBUGU ANDREW,KAMBUGU ANDREW,KAMPALA,INFECT DIS INST,UGANDA
192,LITTLE F,LITTLE,FRANCESCA,LITTLE FRANCESCA,LITTLE FRANCESCA,CAPE TOWN,UNIV CAPE TOWN,SOUTH AFRICA
193,NAKIGOZI G,NAKIGOZI,GERTRUDE,NAKIGOZI GERTRUDE,NAKIGOZI GERTRUDE,KALISIZO,RAKAI HLTH SCI PROGRAM,UGANDA
194,NAKANJAKO D,NAKANJAKO,DAMALIE,NAKANJAKO DAMALIE,NAKANJAKO DAMALIE,KAMPALA,INFECT DIS INST,UGANDA
195,KIGGUNDU V,KIGGUNDU,VALERIAN,KIGGUNDU VALERIAN,KIGGUNDU VALERIAN,KALISIZO,RAKAI HLTH SCI PROGRAM,UGANDA
196,LAFRANCE C,LAFRANCE,CHRISTIAN,LAFRANCE CHRISTIAN,LAFRANCE CHRISTIAN,QUEBEC,URESP CHU QUEBEC CTR RECH QUEBEC CITY,CANADA
197,LI P C K,LI,PATRICK CHUNG KI,LI PATRICK CHUNG KI,LI PATRICK CHUNG KI,HONG KONG,QUEEN ELIZABETH HOSP HONG KONG,CHINA
198,BANGSBERG D R,BANGSBERG,DAVID R,BANGSBERG DAVID R,BANGSBERG DAVID R,BOSTON,HARVARD UNIV MASSACHUSETTS GEN HOSP CTR GLOBAL HLTH,USA
199,ANANI H,ANANI,HUBERT,ANANI HUBERT,ANANI HUBERT,COTONOU,DISPENSAIRE IST,BENIN
200,FOX M P,FOX,MATTHEW P,FOX MATTHEW P,FOX MATTHEW P,BOSTON,BOSTON UNIV CTR GLOBAL HLTH & DEV,USA
201,PROZESKY H W,PROZESKY,HANS W,PROZESKY HANS W,PROZESKY HANS W,CAPE TOWN,UNIV STELLENBOSCH DEPT MED DIV INFECT DIS,SOUTH AFRICA
202,DRABO Y J,DRABO,YOUSSOUFOU J,DRABO YOUSSOUFOU J,DRABO YOUSSOUFOU J,OUAGADOUGOU,UNIV HOSP YALGADO OUEDRAOGO DEPT INTERNAL MED,BURKINA FASO
203,REYNOLDS S J,REYNOLDS,STEVEN J,REYNOLDS STEVEN J,REYNOLDS STEVEN J,BALTIMORE,NIAID,USA
204,HOLLAND M,HOLLAND,MARGARET,HOLLAND MARGARET,HOLLAND MARGARET,HARARE,CONNAUGHT CLIN,ZIMBABWE
205,MINTA D K,MINTA,DAOUDA K,MINTA DAOUDA K,MINTA DAOUDA K,BAMAKO,HOP POINT G SERV MALAD INFECT,MALI
206,EGGER M,EGGER,MATTHIAS,EGGER MATTHIAS,EGGER MATTHIAS,BERN,UNIV BERN,SWITZERLAND
207,LAJOIE J,LAJOIE,J,LAJOIE J,LAJOIE JULIE,QUEBEC,UNIV MONTREAL DEPT MICROBIOL & IMMUNOL MONTREAL,CANADA
207,LAJOIE J,LAJOIE,JULIE,LAJOIE JULIE,LAJOIE JULIE,QUEBEC,UNIV MONTREAL DEPT MICROBIOL & IMMUNOL MONTREAL,CANADA
208,YIANNOUTSOS C T,YIANNOUTSOS,CONSTANTIN T,YIANNOUTSOS CONSTANTIN T,YIANNOUTSOS CONSTANTIN T,INDIANAPOLIS,INDIANA UNIV,USA
209,CERIANI C,CERIANI,CRISTINA,CERIANI CRISTINA,CERIANI CRISTINA,MILAN,IRCCS GALEAZZI ORTHOPAED INST LAB EXPT BIOCHEM & MOL BIOL,ITALY
210,EBOUA T K,EBOUA,TANOH K,EBOUA TANOH K,EBOUA TANOH K,ABIDJAN,CHU YOPOUGON PEDIAT WARD,COTE IVOIRE
211,JAQUET A,JAQUET,ANTOINE,JAQUET ANTOINE,JAQUET ANTOINE,BORDEAUX,UNIV BORDEAUX ISPED CTR INSERM EPIDEMIOL BIOSTAT U897,FRANCE
211,JAQUET A,JAQUET,A,JAQUET A,JAQUET ANTOINE,BORDEAUX,UNIV BORDEAUX ISPED CTR INSERM EPIDEMIOL BIOSTAT U897,FRANCE
212,ODUTOLA M,ODUTOLA,MICHAEL,ODUTOLA MICHAEL,ODUTOLA MICHAEL,ABUJA,INST HUMAN VIROL NIGERIA IHVN,NIGERIA
213,DALMEIDA M,DALMEIDA,MARCELLINE,DALMEIDA MARCELLINE,DALMEIDA MARCELLINE,,,
213,DALMEIDA M,DALMEIDA,M,DALMEIDA M,DALMEIDA MARCELLINE,,,
214,ALAO M J,ALAO,MAROUF J,ALAO MAROUF J,ALAO MAROUF J,COTONOU,HOP MERE & ENFANT LAGUNE SERV PEDIAT,BENIN
215,TANON A,TANON,ARISTOPHANE,TANON ARISTOPHANE,TANON ARISTOPHANE,ABIDJAN,CHU TREICHVILLE SMIT,COTE IVOIRE
216,ASSARAG B,ASSARAG,BOUCHRA,ASSARAG BOUCHRA,ASSARAG BOUCHRA,RABAT,ECOLE NATL SANTE PUBL RUE LAMFADEL CHERKAOUI,MOROCCO
217,OGA E,OGA,EMMANUEL,OGA EMMANUEL,OGA EMMANUEL,ABUJA,INST HUMAN VIROL NIGERIA IHVN,NIGERIA
218,CHARURAT M,CHARURAT,MANHATTAN,CHARURAT MANHATTAN,CHARURAT MANHATTAN,ABUJA,INST HUMAN VIROL NIGERIA IHVN,NIGERIA
219,AVEIKA A,AVEIKA,AKUM,AVEIKA AKUM,AVEIKA AKUM,FAJARA,MRC,GAMBIA
220,EHOLIE S,EHOLIE,S,EHOLIE S,EHOLIE SERGE PAUL,ABIDJAN,CHU TREICHVILLE SMIT,COTE IVOIRE
220,EHOLIE S,EHOLIE,SERGE,EHOLIE SERGE,EHOLIE SERGE PAUL,ABIDJAN,CHU TREICHVILLE SMIT,COTE IVOIRE
221,EHOLIE S P,EHOLIE,SERGE P,EHOLIE SERGE P,EHOLIE SERGE PAUL,ABIDJAN,CHU TREICHVILLE SERV MALAD INFECT & TROP,COTE IVOIRE
221,EHOLIE S P,EHOLIE,SERGE PAUL,EHOLIE SERGE PAUL,EHOLIE SERGE PAUL,ABIDJAN,CHU TREICHVILLE SERV MALAD INFECT & TROP,COTE IVOIRE
221,EHOLIE S P,EHOLIE,S P,EHOLIE S P,EHOLIE SERGE PAUL,ABIDJAN,CHU TREICHVILLE SERV MALAD INFECT & TROP,COTE IVOIRE
222,SASCO A J,SASCO,ANNIE J,SASCO ANNIE J,SASCO ANNIE J,BORDEAUX,UNIV BORDEAUX ISPED CTR INSERM EPIDEMIOL BIOSTAT U897,FRANCE
222,SASCO A J,SASCO,A J,SASCO A J,SASCO ANNIE J,BORDEAUX,UNIV BORDEAUX ISPED CTR INSERM EPIDEMIOL BIOSTAT U897,FRANCE
224,BISSAGNENE E,BISSAGNENE,EMMANUEL,BISSAGNENE EMMANUEL,BISSAGNENE EMMANUEL,ABIDJAN,CHU TREICHVILLE SERV MALAD INFECT & TROP,COTE IVOIRE
224,BISSAGNENE E,BISSAGNENE,E,BISSAGNENE E,BISSAGNENE EMMANUEL,ABIDJAN,CHU TREICHVILLE SERV MALAD INFECT & TROP,COTE IVOIRE
225,ADEBAMOWO C,ADEBAMOWO,CLEMENT,ADEBAMOWO CLEMENT,ADEBAMOWO CLEMENT,ABUJA,INST HUMAN VIROL NIGERIA IHVN,NIGERIA
226,BERNARD N F,BERNARD,NICOLE F,BERNARD NICOLE F,BERNARD NICOLE F,QUEBEC,MCGILL UNIV RES INST CTR HLTH MONTREAL,CANADA
227,PORCHER R,PORCHER,RAPHAEL,PORCHER RAPHAEL,PORCHER RAPHAEL,PARIS,HOP ST LOUIS INSERM U717,FRANCE
228,KPATCHAVI A C,KPATCHAVI,ADOLPHE C,KPATCHAVI ADOLPHE C,KPATCHAVI ADOLPHE C,ABOMEY CALAVI,UNIV ABOMEY CALAVI FAC LETTRES ARTS & SCI HUMAINES,BENIN
229,NDAM N T,NDAM,NICAISE T,NDAM NICAISE T,NDAM NICAISE TUIKUE,PARIS,INST RECH DEV UMR 216 MERE & ENFANT FACE INFECT TROP,FRANCE
229,NDAM N T,NDAM,NICAISE TUIKUE,NDAM NICAISE TUIKUE,NDAM NICAISE TUIKUE,PARIS,INST RECH DEV UMR 216 MERE & ENFANT FACE INFECT TROP,FRANCE
230,CARTER R,CARTER,ROSALIND,CARTER ROSALIND,CARTER ROSALIND,NEW YORK,COLUMBIA UNIV MTCT PLUS NETWORK,USA
231,DUBE E,DUBE,ERIC,DUBE ERIC,DUBE ERIC,QUEBEC,UNIV SHERBROOKE DEPT MED FAMILLE & MED URGENCE FAC MED & SCI SANTE SHERBROOKE,CANADA
233,NDAYAKE J,NDAYAKE,JOSEPH,NDAYAKE JOSEPH,NDAYAKE JOSEPH,TANGUIETA,ST JEAN DE DIEU HOSP,BENIN
234,MORIN D,MORIN,D,MORIN D,MORIN DIANE,QUEBEC,UNIV LAVAL FAC NURSING SCI QUEBEC CITY,CANADA
234,MORIN D,MORIN,DIANE,MORIN DIANE,MORIN DIANE,QUEBEC,UNIV LAVAL FAC NURSING SCI QUEBEC CITY,CANADA
235,GODIN G,GODIN,G,GODIN G,GODIN GASTON,QUEBEC,UNIV LAVAL FAC SCI INFIRM QUEBEC CITY,CANADA
235,GODIN G,GODIN,GASTON,GODIN GASTON,GODIN GASTON,QUEBEC,UNIV LAVAL FAC SCI INFIRM QUEBEC CITY,CANADA
236,KAUFMANN D E,KAUFMANN,DANIEL E,KAUFMANN DANIEL E,KAUFMANN DANIEL E,QUEBEC,CRCHUM MONTREAL,CANADA
237,BERNIER M,BERNIER,M,BERNIER M,BERNIER M,QUEBEC,CCISD QUEBEC CITY,CANADA
238,ERICIE S,ERICIE,SOSSOU,ERICIE SOSSOU,ERICIE SOSSOU,ABOMEY CALAVI,UAC COTONOU FAC SCI SANTE,BENIN
239,KINTIN F,KINTIN,F,KINTIN F,KINTIN FREDERIC,OUAGADOUGOU,CCISD,BURKINA FASO
239,KINTIN F,KINTIN,FREDERIC,KINTIN FREDERIC,KINTIN FREDERIC,OUAGADOUGOU,CCISD,BURKINA FASO
240,KIEFFER M P,KIEFFER,MAIYPAT,KIEFFER MAIYPAT,KIEFFER MARYPAT,,,
240,KIEFFER M P,KIEFFER,MARYPAT,KIEFFER MARYPAT,KIEFFER MARYPAT,,,
241,JULES G,JULES,GNINKOUN,JULES GNINKOUN,JULES GNINKOUN,COTONOU,CTR NATL HOSP UNIV HUBERT KOUTOUCOU MAGA,BENIN
242,KONATE I,KONATE,ISSOUF,KONATE ISSOUF,KONATE ISSOUF,BOBO DIOULASSO,CTR MURAZ,BURKINA FASO
243,ARMAND W,ARMAND,WANVOEGBE,ARMAND WANVOEGBE,ARMAND WANVOEGBE,PORTO NOVO,CTR HOSP UNIV DEPT OUEME PLATEAU,BENIN
244,RACHED S,RACHED,S,RACHED S,RACHED S,QUEBEC,UNIV MONTREAL UNITE SANTE INT MONTREAL,CANADA
245,SOBELA F,SOBELA,F,SOBELA F,SOBELA F,LOME,WAPCAS,TOGO
247,SOTO J,SOTO,J,SOTO J,SOTO J,QUEBEC,INST NATL SANTE PUBL MONTREAL,CANADA
248,BATONA G,BATONA,GEORGES,BATONA GEORGES,BATONA GEORGES,QUEBEC,CTR HOSP UNIV QUEBEC RES CTR AXE SANTE POPULAT & PRAT OPTIMALES SANTE QUEBEC CITY,CANADA
248,BATONA G,BATONA,G,BATONA G,BATONA GEORGES,QUEBEC,CTR HOSP UNIV QUEBEC RES CTR AXE SANTE POPULAT & PRAT OPTIMALES SANTE QUEBEC CITY,CANADA
249,TRAORE C,TRAORE,C,TRAORE C,TRAORE C,DAKAR,WAPCAS,SENEGAL
251,OGOUYEMIHOUNTO A,OGOUYEMIHOUNTO,AURORE,OGOUYEMIHOUNTO AURORE,OGOUYEMIHOUNTO AURORE,,,
251,OGOUYEMIHOUNTO A,OGOUYEMIHOUNTO,A,OGOUYEMIHOUNTO A,OGOUYEMIHOUNTO AURORE,,,
252,KYABAYINZE D J,KYABAYINZE,DANIEL J,KYABAYINZE DANIEL J,KYABAYINZE DANIEL J,KAMPALA,ANECCA,UGANDA
253,NDIAYE A,NDIAYE,A,NDIAYE A,NDIAYE A,DAKAR,NATL TB PROGRAMME,SENEGAL
254,TUMWESIGYE N,TUMWESIGYE,NATHAN,TUMWESIGYE NATHAN,TUMWESIGYE NATHAN,KAMPALA,ANECCA,UGANDA
255,FOURN L,FOURN,LEONARD,FOURN LEONARD,FOURN LEONARD,COTONOU,FAC SCI SANTE COTONOU DEPT SANTE PUBL,BENIN
256,NACKERS F,NACKERS,FABIENNE,NACKERS FABIENNE,NACKERS FABIENNE,BRUSSELS,CATHOLIC UNIV LOUVAIN EPIDEMIOL UNIT,BELGIUM
257,GLYNN J R,GLYNN,JUDITH R,GLYNN JUDITH R,GLYNN JUDITH R,LONDON,LONDON SCH HYG & TROP MED INFECTIOUS DIS EPIDEMIOL UNIT,ENGLAND
258,ROGER M,ROGER,MICHEL,ROGER MICHEL,ROGER MICHEL,QUEBEC,CRCHUM MONTREAL,CANADA
258,ROGER M,ROGER,M,ROGER M,ROGER MICHEL,QUEBEC,CRCHUM MONTREAL,CANADA
259,BAKEDANO E D,BAKEDANO,ELISA DE BIURRUN,BAKEDANO ELISA DE BIURRUN,BAKEDANO ELISA DE BIURRUN,ANTWERP,INST TROP MED DEPT MICROBIOL MYCOBACTERIOL UNIT,BELGIUM
260,ZINSOU C,ZINSOU,CLAUDE,ZINSOU CLAUDE,ZINSOU CLAUDE,COTONOU,BURULI ULCER NATL CONTROL PROGRAM COTONOU,BENIN
261,TOUNKARA F K,TOUNKARA,F K,TOUNKARA F K,TOUNKARA FATOUMATA K,QUEBEC,UNIV LAVAL DEPT MED SOCIALE & PREVENT QUEBEC CITY,CANADA
261,TOUNKARA F K,TOUNKARA,FATOUMATA K,TOUNKARA FATOUMATA K,TOUNKARA FATOUMATA K,QUEBEC,UNIV LAVAL DEPT MED SOCIALE & PREVENT QUEBEC CITY,CANADA
262,AGUIAR J,AGUIAR,JULIA,AGUIAR JULIA,AGUIAR JULIA,ZAGNANADO,CTR SANITAIRE & NUTR GBEMOTEN,BENIN
263,TONGLET R,TONGLET,RENE,TONGLET RENE,TONGLET RENE,BRUSSELS,CATHOLIC UNIV LOUVAIN EPIDEMIOL UNIT,BELGIUM
264,PORTAELS F,PORTAELS,FRANCOISE,PORTAELS FRANCOISE,PORTAELS FRANCOISE,ANTWERP,INST TROP MED DEPT MICROBIOL MYCOBACTERIOL UNIT,BELGIUM
265,ADEGBIDI H,ADEGBIDI,H,ADEGBIDI H,ADEGBIDI H,COTONOU,NATL TEACHING HOSP HUBERT KOUTOUKOU MAGA DEPT DERMATOL VENEREOL,BENIN
266,KINTIN F D,KINTIN,F D,KINTIN F D,KINTIN F D,COTONOU,BUR APPUI SANTE PUBL BASP 96,BENIN
267,AVERY L,AVERY,L,AVERY L,AVERY L,WINNIPEG,UNIV MANITOBA FAC MED WINNIPEG,CANADA
269,CAMDEN S,CAMDEN,S,CAMDEN S,CAMDEN S,QUEBEC,UNIV QUEBEC CHA CTR HOSP AFFILIE QUEBEC CITY,CANADA
270,BEHANZIN L,BEHANZIN,LUC,BEHANZIN LUC,BEHANZIN LUC,QUEBEC,UNIV LAVAL FAC MED DEPT MED SOCIALE & PREVENT CTR HOSP UNIV QUEBEC UNITE RECH SANTE POPULAT QUEBEC CITY,CANADA
270,BEHANZIN L,BEHANZIN,L,BEHANZIN L,BEHANZIN LUC,QUEBEC,UNIV LAVAL FAC MED DEPT MED SOCIALE & PREVENT CTR HOSP UNIV QUEBEC UNITE RECH SANTE POPULAT QUEBEC CITY,CANADA
271,AOURAS H,AOURAS,HAYET,AOURAS HAYET,AOURAS HAYET,ANNABA,UNIV ANNABA CHU REGISTRE CANC ANNABA,ALGERIA
272,KHALFALLAH S,KHALFALLAH,SONIA,KHALFALLAH SONIA,KHALFALLAH SONIA,NABEUL,DIRECT REG SANTE NABEUL RUE REVOLUT,TUNISIA
273,NDOUR M,NDOUR,MARGUERITE,NDOUR MARGUERITE,NDOUR MARGUERITE,COTONOU,POPULAT SERV INT,BENIN
273,NDOUR M,NDOUR,M,NDOUR M,NDOUR MARGUERITE,COTONOU,POPULAT SERV INT,BENIN
274,MINANI I,MINANI,ISAAC,MINANI ISAAC,MINANI ISAAC,COTONOU,DISPENSAIRE IST,BENIN
274,MINANI I,MINANI,I,MINANI I,MINANI ISAAC,COTONOU,DISPENSAIRE IST,BENIN
276,ABO Y,ABO,YAO,ABO YAO,ABO YAO,ABIDJAN,CTR HOSP UNIV CHU TREICHVILLE PROGRAMME PAC CI,COTE IVOIRE
278,MESSOU E,MESSOU,EUGENE,MESSOU EUGENE,MESSOU EUGENE,ABIDJAN,ACONDA CTR PRISE CHARGE RECH & FORMAT,COTE IVOIRE
278,MESSOU E,MESSOU,E,MESSOU E,MESSOU EUGENE,ABIDJAN,ACONDA CTR PRISE CHARGE RECH & FORMAT,COTE IVOIRE
279,WAINBERG M A,WAINBERG,MARK A,WAINBERG MARK A,WAINBERG MARK A,QUEBEC,MCGILL UNIV JEWISH GEN HOSP AIDS CTR LADY DAVIS INST MONTREAL,CANADA
280,KOUAKOU M,KOUAKOU,MARTIAL,KOUAKOU MARTIAL,KOUAKOU MARTIAL,ABIDJAN,CTR PRISE CHARGE RECH & FORMAT ACONDA CEPREF,COTE IVOIRE
281,FASSASSI R,FASSASSI,RAIMI,FASSASSI RAIMI,FASSASSI RAIMI,ABIDJAN,ECOLE NATL SUPER STAT & ECON BLVD MITTERRAND,COTE IVOIRE
282,DE REKENEIRE N,DE REKENEIRE,NATHALIE,DE REKENEIRE NATHALIE,DE REKENEIRE NATHALIE,BORDEAUX,INSERM CTR INSERM EPIDEMIOL BIOSTAT U897,FRANCE
283,GRANT M D,GRANT,MICHAEL D,GRANT MICHAEL D,GRANT MICHAEL D,NEWFOUNDLAND,MEM UNIV NEWFOUNDLAND FAC MED DIV BIOMED SCI IMMUNOL & INFECT DIS PROGRAM ST JOHN,CANADA
284,LEWDEN C,LEWDEN,CHARLOTTE,LEWDEN CHARLOTTE,LEWDEN CHARLOTTE,BORDEAUX,UNIV BORDEAUX ISPED CTR INSERM U897,FRANCE
285,GOUGOUYOR G,GOUGOUYOR,GUSTAVE,GOUGOUYOR GUSTAVE,GOUGOUYOR GUSTAVE,LOME,CRIPS,TOGO
286,DELVAUX T,DELVAUX,THERESE,DELVAUX THERESE,DELVAUX THERESE,ANTWERP,INST TROP MED WOMAN & CHILD HLTH RES CTR 155 NATIONALSTR,BELGIUM
287,HOFFMANN C J,HOFFMANN,CHRISTOPHER J,HOFFMANN CHRISTOPHER J,HOFFMANN CHRISTOPHER J,BALTIMORE,JOHNS HOPKINS UNIV,USA
288,FOYET L,FOYET,LEGER,FOYET LEGER,FOYET LEGER,COTONOU,POPULAT SERV INT,BENIN
289,BAH A T,BAH,AISSATOU TINKA,BAH AISSATOU TINKA,BAH AISSATOU TINKA,BAMAKO,CELLULE SECTORIELLE LUTTE SIDA MINIST ST MALI,MALI
290,MUELLER D H,MUELLER,DIRK H,MUELLER DIRK H,MUELLER DIRK H,LONDON,LONDON SCH HYG & TROP MED,ENGLAND
291,SOW A,SOW,AMADOU,SOW AMADOU,SOW AMADOU,THIES,CTR HOSP REG THIES DEPT SOINS INFIRM,SENEGAL
292,BUVE A,BUVE,A,BUVE A,BUVE ANNE,ANTWERP,INST TROP MED UNIT EPIDEMIOL & CONTROL HIV STD,BELGIUM
292,BUVE A,BUVE,ANNE,BUVE ANNE,BUVE ANNE,ANTWERP,INST TROP MED UNIT EPIDEMIOL & CONTROL HIV STD,BELGIUM
293,DOVONOU C A,DOVONOU,COMLAN ALBERT,DOVONOU COMLAN ALBERT,DOVONOU COMLAN ALBERT,PARAKOU,CHU PARAKOU SERV MED INTERNE,BENIN
294,THIBODEAU V,THIBODEAU,VALERIE,THIBODEAU VALERIE,THIBODEAU VALERIE,QUEBEC,CRCHUM IMMUNOGENET LAB MONTREAL,CANADA
295,BEDARD E,BEDARD,E,BEDARD E,BEDARD EMMANUELLE,QUEBEC,UNIV QUEBEC RIMOUSKI DEPT SCI INFIRMIERES LEVIS,CANADA
295,BEDARD E,BEDARD,EMMANUELLE,BEDARD EMMANUELLE,BEDARD EMMANUELLE,QUEBEC,UNIV QUEBEC RIMOUSKI DEPT SCI INFIRMIERES LEVIS,CANADA
296,FOWKE K R,FOWKE,KEITH R,FOWKE KEITH R,FOWKE KEITH R,WINNIPEG,UNIV MANITOBA DEPT MED MICROBIOL WINNIPEG,CANADA
297,OYARO P,OYARO,PATRICK,OYARO PATRICK,OYARO PATRICK,KISUMU,KENYA GOVT MED RES CTR RCTP FACES PROGRAM,KENYA
298,AMIDOU S A,AMIDOU,SALIMANOU ARIYOH,AMIDOU SALIMANOU ARIYOH,AMIDOU SALIMANOU ARIYOH,PARAKOU,CHU PARAKOU SERV MED INTERNE,BENIN
299,LUTY A J F,LUTY,ADRIAN J F,LUTY ADRIAN J F,LUTY ADRIAN J F,PARIS,INST RECH DEV UMR 216 MERE & ENFANT FACE INFECT TROP,FRANCE
300,ZONGO M,ZONGO,MAHAMOUD,ZONGO MAHAMOUD,ZONGO MAHAMOUD,BENIN,CTR HOSP PNEUMOPHTISIOL AKRON CRADES CTR RECH & APPUI DEV SANTE BASE,NIGERIA
301,MAIGA M,MAIGA,M,MAIGA M,MAIGA MOUSSA,BAMAKO,HOP GABRIEL TOURE SERV HEPATOGASTROENTEROL,MALI
301,MAIGA M,MAIGA,MOUSSA,MAIGA MOUSSA,MAIGA MOUSSA,BAMAKO,HOP GABRIEL TOURE SERV HEPATOGASTROENTEROL,MALI
302,TREMBLAY C L,TREMBLAY,CECILE L,TREMBLAY CECILE L,TREMBLAY CECILE L,QUEBEC,CTR RECH CTR HOSP UNIV MONTREAL HOP ST LUC MONTREAL,CANADA
303,TRAORE H A,TRAORE,H A,TRAORE H A,TRAORE HAMAR ALASSANE,BAMAKO,HOP POINT G CTR PRISE CHARGE PERSONNES VIVANT AVEC VIH,MALI
303,TRAORE H A,TRAORE,HAMAR ALASSANE,TRAORE HAMAR ALASSANE,TRAORE HAMAR ALASSANE,BAMAKO,HOP POINT G CTR PRISE CHARGE PERSONNES VIVANT AVEC VIH,MALI
304,GUEYE R D,GUEYE,RAMATOULAYE D,GUEYE RAMATOULAYE D,GUEYE RAMATOULAYE D,DAKAR,HOP ENFANTS ALBERT ROYER,SENEGAL
305,FLOYD S,FLOYD,S,FLOYD S,FLOYD S,LONDON,LONDON SCH HYG & TROP MED IDEU,ENGLAND
306,TRAN C,TRAN,CAROLINE,TRAN CAROLINE,TRAN CAROLINE,PARIS,GROWING PROGRAMME SIDACT & INITIAT DEV,FRANCE
307,SOW P S,SOW,P S,SOW P S,SOW PAPA SALIF,DAKAR,CHU FANN SMIT,SENEGAL
307,SOW P S,SOW,PAPA SALIF,SOW PAPA SALIF,SOW PAPA SALIF,DAKAR,CHU FANN SMIT,SENEGAL
307,SOW P S,SOW,PAPA S,SOW PAPA S,SOW PAPA SALIF,DAKAR,CHU FANN SMIT,SENEGAL
308,GODJEDO T P M,GODJEDO,TOGBEMABOU PRIMOUS MARTIAL,GODJEDO TOGBEMABOU PRIMOUS MARTIAL,GODJEDO TOGBEMABOU PRIMOUS MARTIAL,PARAKOU,CTR INFORMAT PROSPECT & CONSEILS IST VIH SIDA,BENIN
309,OKOMO U,OKOMO,UDUOK,OKOMO UDUOK,OKOMO UDUOK,FAJARA,MRC UNIT,GAMBIA
310,GABILLARD D,GABILLARD,DELPHINE,GABILLARD DELPHINE,GABILLARD DELPHINE,BORDEAUX,INSERM U897,FRANCE
311,WEMIN L,WEMIN,LOUISE,WEMIN LOUISE,WEMIN LOUISE,ABIDJAN,ACONDA CTR PRISE CHARGE RECH & FORMAT CEPREF ENFANTS,COTE IVOIRE
312,GANDAHO P,GANDAHO,PROSPER,GANDAHO PROSPER,GANDAHO PROSPER,PARAKOU,CHU PARAKOU DEPT MED & SPECIALITES MED FAC MED,BENIN
313,AYIHOUNTON G,AYIHOUNTON,G,AYIHOUNTON G,AYIHOUNTON G,COTONOU,CTA,BENIN
314,SATONDJI A J,SATONDJI,ASSONGBA JOSEPH,SATONDJI ASSONGBA JOSEPH,SATONDJI ASSONGBA JOSEPH,PARAKOU,CTR INFORMAT PROSPECT & CONSEILS IST VIH SIDA,BENIN
315,BAETA N,BAETA,NOVISI,BAETA NOVISI,BAETA NOVISI,ACCRA,KORLE BU TEACHING HOSP,GHANA
316,ACAKPO J,ACAKPO,J,ACAKPO J,ACAKPO J,COTONOU,CTA,BENIN
317,YE D,YE,DIARRA,YE DIARRA,YE DIARRA,OUAGADOUGOU,HOP GEN GAULLE SERV PEDIAT,BURKINA FASO
318,ZIO R,ZIO,REJANE,ZIO REJANE,ZIO REJANE,PARIS,GROWING PROGRAMME SIDACT & INITIAT DEV,FRANCE
319,ADOUBI I,ADOUBI,INNOCENT,ADOUBI INNOCENT,ADOUBI INNOCENT,ABIDJAN,CHU TREICHVILLE SERV CANCEROL,COTE IVOIRE
320,DIOMANDE I,DIOMANDE,ISIDORE,DIOMANDE ISIDORE,DIOMANDE ISIDORE,ABIDJAN,CHU COCODY LAB CYTOL & ANATOMOPATHOL,COTE IVOIRE
321,NICIMPAYE L,NICIMPAYE,LEONCIE,NICIMPAYE LEONCIE,NICIMPAYE LEONCIE,BUJUMBURA,APECOS,BURUNDI
322,DAVIES M A,DAVIES,MARYANN,DAVIES MARYANN,DAVIES MARYANN,,,
323,AMORISSANIFOLQUET M,AMORISSANIFOLQUET,MADELEINE,AMORISSANIFOLQUET MADELEINE,AMORISSANIFOLQUET MADELEINE,,,
324,LAWSONEVI K,LAWSONEVI,KOKO,LAWSONEVI KOKO,LAWSONEVI KOKO,,,
325,MUKENGETSHIBAKA L,MUKENGETSHIBAKA,L,MUKENGETSHIBAKA L,MUKENGETSHIBAKA L,,,
327,JURE E,JURE,ESTELLE,JURE ESTELLE,JURE ESTELLE,BOBIGNY,UNIV PARIS 13  UPRES EA 3412  LAB PEDAG SANTE,FRANCE
328,IGUENANE J,IGUENANE,JACQUELINE,IGUENANE JACQUELINE,IGUENANE JACQUELINE,BOBIGNY,UNIV PARIS 13  UPRES EA 3412  LAB PEDAG SANTE,FRANCE
329,GAGNAYRE R,GAGNAYRE,REMI,GAGNAYRE REMI,GAGNAYRE REMI,BOBIGNY,UNIV PARIS 13  UPRES EA 3412  LAB PEDAG SANTE,FRANCE
330,DESLANDES S,DESLANDES,S,DESLANDES S,DESLANDES S,,,
331,DZOKOTO A,DZOKOTO,A,DZOKOTO A,DZOKOTO A,,,
332,MEDA H,MEDA,H,MEDA H,MEDA H,,,
333,FROST E,FROST,E,FROST E,FROST E,,,
334,ARDANT M F,ARDANT,MARIEFRANCOISE,ARDANT MARIEFRANCOISE,ARDANT MARIEFRANCOISE,,,
335,BERNIER F,BERNIER,F,BERNIER F,BERNIER F,,,
336,GNINTOUNGBE C A B,GNINTOUNGBE,CAB,GNINTOUNGBE CAB,GNINTOUNGBE CAB,,,
337,JOLY J R,JOLY,JR,JOLY JR,JOLY JR,,,
338,BURGOSSOTO J,BURGOSSOTO,JUAN,BURGOSSOTO JUAN,BURGOSSOTO JUAN,,,
339,KINDEGAZARD D,KINDEGAZARD,D,KINDEGAZARD D,KINDEGAZARD DOROTHEE A,COTONOU,CTR NATL HOSP UNIV KOUTOUKOU MAGA CNHU HKM  LAB PARASITOL MYCOL  03BP385,BENIN
339,GAZARD D K,GAZARD,D KINDE,GAZARD D KINDE,KINDEGAZARD DOROTHEE A,COTONOU,CTR NATL HOSP UNIV KOUTOUKOU MAGA CNHU HKM  LAB PARASITOL MYCOL  03BP386,BENIN
340,VIGAN J,VIGAN,J,VIGAN J,VIGAN J,,,
341,SEHONOU J J,SEHONOU,JJ,SEHONOU JJ,SEHONOU JJ,,,
342,GBEDO C,GBEDO,C,GBEDO C,GBEDO C,,,
343,ROMBY A,ROMBY,A,ROMBY A,ROMBY A,COTONOU,INST RECH DEV,BENIN
344,PERRIN R X,PERRIN,R X,PERRIN R X,PERRIN R X,,,
345,GIRARD P M,GIRARD,P M,GIRARD P M,GIRARD P M,,,
346,AYEDELE A B,AYEDELE,A B,AYEDELE A B,AYEDELE A B,,,
347,BEHANZIN M N,BEHANZIN,M N,BEHANZIN M N,BEHANZIN M N,,,
348,CLEMENT M C,CLEMENT,MARIECAROLINE,CLEMENT MARIECAROLINE,CLEMENT MARIECAROLINE,,,
349,GIRARD P M,GIRARD,PIERREMARIE,GIRARD PIERREMARIE,GIRARD PIERREMARIE,,,
350,DENOEUD L,DENOEUD,LISE,DENOEUD LISE,DENOEUD LISE,PARIS,HOP ST ANTOINE  AP HP  SERV MALAD INFECT & TROP,FRANCE
351,AMOUSSOUGUENOU D,AMOUSSOUGUENOU,DANIEL,AMOUSSOUGUENOU DANIEL,AMOUSSOUGUENOU DANIEL,,,
352,GENG E H,GENG,ELVIN H,GENG ELVIN H,GENG ELVIN H,SAN FRANCISCO,UNIV CALIF SAN FRANCISCO,USA
353,NEILANDS T B,NEILANDS,TORSTEN B,NEILANDS TORSTEN B,NEILANDS TORSTEN B,SAN FRANCISCO,UNIV CALIF SAN FRANCISCO,USA
354,HUNT P W,HUNT,PETER W,HUNT PETER W,HUNT PETER W,SAN FRANCISCO,UNIV CALIF SAN FRANCISCO,USA
355,VITTINGHOFF E V,VITTINGHOFF,ERIC V,VITTINGHOFF ERIC V,VITTINGHOFF ERIC V,SAN FRANCISCO,UNIV CALIF SAN FRANCISCO,USA
356,DEEKS S G,DEEKS,STEVEN G,DEEKS STEVEN G,DEEKS STEVEN G,SAN FRANCISCO,UNIV CALIF SAN FRANCISCO,USA
357,MARTIN J N,MARTIN,JEFFREY N,MARTIN JEFFREY N,MARTIN JEFFREY N,SAN FRANCISCO,UNIV CALIF SAN FRANCISCO,USA
358,TARONBROCARD C,TARONBROCARD,CLEMENT,TARONBROCARD CLEMENT,TARONBROCARD CLEMENT,,,
359,BEHANZIN T,BEHANZIN,T,BEHANZIN T,BEHANZIN T,,,
360,LANTONKPODE A,LANTONKPODE,A,LANTONKPODE A,LANTONKPODE A,,,
361,LANTONHEDJRA P,LANTONHEDJRA,P,LANTONHEDJRA P,LANTONHEDJRA P,,,
362,AHOUANVOEKE L,AHOUANVOEKE,L,AHOUANVOEKE L,AHOUANVOEKE L,,,
363,GUEZODJE P A,GUEZODJE,PA,GUEZODJE PA,GUEZODJE PA,,,
364,ADEBAYO A,ADEBAYO,ALASSANI,ADEBAYO ALASSANI,ADEBAYO ALASSANI,PARAKOU,CTR HOSP UNIV DEPT BORGOU ALIBORI,BENIN
365,ALBERT D C,ALBERT,DOVONOU COMLAN,ALBERT DOVONOU COMLAN,ALBERT DOVONOU COMLAN,PARAKOU,CTR HOSP UNIV DEPT BORGOU ALIBORI,BENIN
366,ANGELO A C,ANGELO,ATTINSOUNON COSSI,ANGELO ATTINSOUNON COSSI,ANGELO ATTINSOUNON COSSI,PARAKOU,CTR HOSP UNIV DEPT BORGOU ALIBORI,BENIN
367,SERAPHIN A,SERAPHIN,AHOUI,SERAPHIN AHOUI,SERAPHIN AHOUI,PARAKOU,CTR HOSP UNIV DEPT BORGOU ALIBORI,BENIN
368,LEOPOLD C,LEOPOLD,CODJO,LEOPOLD CODJO,LEOPOLD CODJO,PARAKOU,CTR HOSP UNIV DEPT BORGOU ALIBORI,BENIN
369,GAGNON M P,GAGNON,MARIEPIERRE,GAGNON MARIEPIERRE,GAGNON MARIEPIERRE,,,
370,SIMONYAN D A,SIMONYAN,DAVID A,SIMONYAN DAVID A,SIMONYAN DAVID A,QUEBEC,CTR HOSP UNIV QUEBEC  RES CTR  AXE SANTE POPULAT & PRAT OPTIMALES SANTE  QUEBEC CITY,CANADA
371,DIEUDONNE E S G,DIEUDONNE,E S G,DIEUDONNE E S G,DIEUDONNE E S G,,,
372,LAMBERT M R,LAMBERT,M R,LAMBERT M R,LAMBERT M R,,,
373,JOHNSON R C,JOHNSON,ROCH C,JOHNSON ROCH C,JOHNSON ROCH C,COTONOU,BURULI ULCER NATL CONTROL PROGRAM COTONOU,BENIN
374,MARGUERITE B N,MARGUERITE,B N,MARGUERITE B N,MARGUERITE B N,,,
375,AMOUR B A,AMOUR,B A,AMOUR B A,AMOUR B A,,,
376,ADITE A,ADITE,A,ADITE A,ADITE A,,,
377,WINEMILLER K O,WINEMILLER,KO,WINEMILLER KO,WINEMILLER KO,,,
378,FIOGBE E D,FIOGBE,ED,FIOGBE ED,FIOGBE ED,,,
379,WILLIAMS J R,WILLIAMS,JOHN R,WILLIAMS JOHN R,WILLIAMS JOHN R,LONDON,UNIV LONDON IMPERIAL COLL SCI TECHNOL & MED  SCH PUBL HLTH,ENGLAND
380,BOILY M C,BOILY,MARIECLAUDE,BOILY MARIECLAUDE,BOILY MARIECLAUDE,,,
381,HSU J,HSU,JUSTINE,HSU JUSTINE,HSU JUSTINE,LONDON,LONDON SCH HYG & TROP MED,ENGLAND
382,PARKHURST J,PARKHURST,JUSTIN,PARKHURST JUSTIN,PARKHURST JUSTIN,LONDON,LONDON SCH HYG & TROP MED,ENGLAND
383,GNINTOUNGBE C,GNINTOUNGBE,C,GNINTOUNGBE C,GNINTOUNGBE C,,,
384,BELLEAU M,BELLEAU,M,BELLEAU M,BELLEAU M,,,
385,MUKENGE L,MUKENGE,L,MUKENGE L,MUKENGE L,,,
386,GBAGUIDI A,GBAGUIDI,A,GBAGUIDI A,GBAGUIDI A,,,
387,JOSSOU P,JOSSOU,P,JOSSOU P,JOSSOU P,,,
388,LAFIA E,LAFIA,E,LAFIA E,LAFIA E,,,
389,BAGANIZI E,BAGANIZI,E,BAGANIZI E,BAGANIZI E,,,
390,JOLY J,JOLY,J,JOLY J,JOLY J,,,
391,IBITOKOU S A,IBITOKOU,SAMAD A,IBITOKOU SAMAD A,IBITOKOU SAMAD A,ABOMEY CALAVI,UNIV ABOMEY CALAVI  CERPAGE  FAC SCI SANTE,BENIN
392,EZINMEGNON S,EZINMEGNON,SEM,EZINMEGNON SEM,EZINMEGNON SEM,,,
393,LADEKPO R,LADEKPO,RODOLPHE,LADEKPO RODOLPHE,LADEKPO RODOLPHE,ABOMEY CALAVI,UNIV ABOMEY CALAVI  CERPAGE  FAC SCI SANTE,BENIN
394,MASSOUGBODJI A,MASSOUGBODJI,ACHILLE,MASSOUGBODJI ACHILLE,MASSOUGBODJI ACHILLE,ABOMEY CALAVI,UNIV ABOMEY CALAVI  CERPAGE  FAC SCI SANTE,BENIN
395,BAGOMIS O,BAGOMIS,O,BAGOMIS O,BAGOMIS O,,,
396,DIORMBODJ H,DIORMBODJ,HELENE,DIORMBODJ HELENE,DIORMBODJ HELENE,,,
397,KONE N,KONE,NIABOULA,KONE NIABOULA,KONE NIABOULA,BAMAKO,UNIV GABRIEL TOURE  CTR HOSP  SERV PEDIAT,MALI
398,MEDA N,MEDA,NICOLAS,MEDA NICOLAS,MEDA NICOLAS,BOBO DIOULASSO,CTR MURAZ  HIV RH,BURKINA FASO
399,GAGNON M,GAGNON,M,GAGNON M,GAGNON M,QUEBEC,UNIV LAVAL  QUEBEC CITY,CANADA
400,NEWELL M L,NEWELL,MARIELOUISE,NEWELL MARIELOUISE,NEWELL MARIELOUISE,,,
401,MBORINGACHA D,MBORINGACHA,DOROTHY,MBORINGACHA DOROTHY,MBORINGACHA DOROTHY,,,
402,SEHONOU J J,SEHONOU,J J,SEHONOU J J,SEHONOU J J,COTONOU,HOP INSTRUCT ARMEES,BENIN
403,HOUENASSI D M,HOUENASSI,D M,HOUENASSI D M,HOUENASSI D M,COTONOU,HOP INSTRUCT ARMEES,BENIN
404,DO ANGOPADONOU F,DO ANGOPADONOU,F,DO ANGOPADONOU F,DO ANGOPADONOU F,,,
405,ZINSOU R,ZINSOU,R,ZINSOU R,ZINSOU R,,,
406,DALMEIDA C,DALMEIDA,C,DALMEIDA C,DALMEIDA C,,,
407,TONWEGOLD B,TONWEGOLD,BESIGIN,TONWEGOLD BESIGIN,TONWEGOLD BESIGIN,,,
408,ETARD J F,ETARD,JEANFRANCOIS,ETARD JEANFRANCOIS,ETARD JEANFRANCOIS,,,
409,FOURNIERNICOLLE I,FOURNIERNICOLLE,ISABELLE,FOURNIERNICOLLE ISABELLE,FOURNIERNICOLLE ISABELLE,,,
410,MPOUDINGOLE E,MPOUDINGOLE,EITEL,MPOUDINGOLE EITEL,MPOUDINGOLE EITEL,,,
411,KOULLASHIRO S,KOULLASHIRO,SINATA,KOULLASHIRO SINATA,KOULLASHIRO SINATA,,,
412,CAPOCHICHI C D,CAPOCHICHI,CALLINICE D,CAPOCHICHI CALLINICE D,CAPOCHICHI CALLINICE D,COTONOU,UNIV ABOMEY CALAVI  FAC SCI SANTE,BENIN
412,CAPOCHICHI D,CAPOCHICHI,D,CAPOCHICHI D,CAPOCHICHI CALLINICE D,COTONOU,UNIV ABOMEY CALAVI  FAC SCI SANTE,BENIN
413,AGUIDA B,AGUIDA,BLANCHE,AGUIDA BLANCHE,AGUIDA BLANCHE,COTONOU,UNIV ABOMEY CALAVI  MOL BIOMARKERS CANC & NUTR BMCN  UNIT BIOCHEM & MOL BIOL UBBM  INST BIOMED SCI & APPLICAT ISBA FAC SCI & TECHNOL  04BP488,BENIN
414,CHABI N W,CHABI,NICODEME W,CHABI NICODEME W,CHABI NICODEME W,COTONOU,UNIV ABOMEY CALAVI  MOL BIOMARKERS CANC & NUTR BMCN  UNIT BIOCHEM & MOL BIOL UBBM  INST BIOMED SCI & APPLICAT ISBA FAC SCI & TECHNOL  04BP488,BENIN
415,ACAPKOEZIN J,ACAPKOEZIN,JOCELYN,ACAPKOEZIN JOCELYN,ACAPKOEZIN JOCELYN,,,
416,SOSSAHHIFFO J,SOSSAHHIFFO,JONAS,SOSSAHHIFFO JONAS,SOSSAHHIFFO JONAS,,,
417,SANNI A,SANNI,AMBALIOU,SANNI AMBALIOU,SANNI AMBALIOU,COTONOU,UNIV ABOMEY CALAVI  MOL BIOMARKERS CANC & NUTR BMCN  UNIT BIOCHEM & MOL BIOL UBBM  INST BIOMED SCI & APPLICAT ISBA FAC SCI & TECHNOL  04BP488,BENIN
418,GLYNN J R,GLYNN,JR,GLYNN JR,GLYNN JR,,,
419,CARAEL M,CARAEL,M,CARAEL M,CARAEL M,,,
420,ZEKENG L,ZEKENG,L,ZEKENG L,ZEKENG L,,,
421,KAHINDO M,KAHINDO,M,KAHINDO M,KAHINDO M,,,
422,MUSONDA R,MUSONDA,R,MUSONDA R,MUSONDA R,,,
423,WILLIAMS J,WILLIAMS,J,WILLIAMS J,WILLIAMS J,LONDON,UNIV LONDON IMPERIAL COLL SCI TECHNOL & MED,ENGLAND
424,CLELAND J G,CLELAND,JG,CLELAND JG,CLELAND JG,,,
425,ALI M M,ALI,MM,ALI MM,ALI MM,,,
426,CAPOCHICHI V,CAPOCHICHI,V,CAPOCHICHI V,CAPOCHICHI V,,,
427,BATRAVILLE L A,BATRAVILLE,LAURIEANNE,BATRAVILLE LAURIEANNE,BATRAVILLE LAURIEANNE,,,
428,BALDRICHRUBIO E,BALDRICHRUBIO,E,BALDRICHRUBIO E,BALDRICHRUBIO E,,,
429,STIRRUPS K,STIRRUPS,K,STIRRUPS K,STIRRUPS K,,,
430,CANDOTTI D,CANDOTTI,D,CANDOTTI D,CANDOTTI D,,,
431,LEE H,LEE,H,LEE H,LEE H,,,
432,ALLAIN J P,ALLAIN,JP,ALLAIN JP,ALLAIN JP,,,
433,CODJO K A,CODJO,K ADOLPHE,CODJO K ADOLPHE,CODJO K ADOLPHE,,,
434,MISTOURATH S S,MISTOURATH,S S,MISTOURATH S S,MISTOURATH S S,,,
435,MARIE G,MARIE,G,MARIE G,MARIE G,,,
436,KPANGON A A,KPANGON,AMADOHOUE ARSENE,KPANGON AMADOHOUE ARSENE,KPANGON AMADOHOUE ARSENE,PARAKOU,CHU PARAKOU  SERV MED INTERNE,BENIN
437,TRAORE Y A,TRAORE,YACOUBOU ADAM,TRAORE YACOUBOU ADAM,TRAORE YACOUBOU ADAM,PARAKOU,CHU PARAKOU  SERV MED INTERNE,BENIN
438,ISSADJIBRIL F M,ISSADJIBRIL,FATIOULAYE MAHAMADI,ISSADJIBRIL FATIOULAYE MAHAMADI,ISSADJIBRIL FATIOULAYE MAHAMADI,,,
439,KESSOU L,KESSOU,LEON,KESSOU LEON,KESSOU LEON,,,
440,GBEDJI E,GBEDJI,EUGENE,GBEDJI EUGENE,GBEDJI EUGENE,,,
441,DOSSOUGBETE V,DOSSOUGBETE,VERONIQUE,DOSSOUGBETE VERONIQUE,DOSSOUGBETE VERONIQUE,,,
442,DUGAS M,DUGAS,MARYLENE,DUGAS MARYLENE,DUGAS MARYLENE,QUEBEC,CHU QUEBEC  CTR RECH  QUEBEC CITY,CANADA
443,ADEOTHYKOUMAKPAI S,ADEOTHYKOUMAKPAI,S,ADEOTHYKOUMAKPAI S,ADEOTHYKOUMAKPAI S,,,
444,SAWADOGO M R,SAWADOGO,M R,SAWADOGO M R,SAWADOGO M R,,,
445,AGOSSAGBENAFA C,AGOSSAGBENAFA,C,AGOSSAGBENAFA C,AGOSSAGBENAFA C,,,
446,HEYNDRICKX L,HEYNDRICKX,L,HEYNDRICKX L,HEYNDRICKX L,,,
447,JANSSENS W,JANSSENS,W,JANSSENS W,JANSSENS W,,,
448,VAN DER AUWERA G,VAN DER AUWERA,G,VAN DER AUWERA G,VAN DER AUWERA G,,,
449,COPPENS S,COPPENS,S,COPPENS S,COPPENS S,,,
450,VEREECKEN K,VEREECKEN,K,VEREECKEN K,VEREECKEN K,,,
451,DE WITTE K,DE WITTE,K,DE WITTE K,DE WITTE K,,,
452,VAN RAMPELBERGH R,VAN RAMPELBERGH,R,VAN RAMPELBERGH R,VAN RAMPELBERGH R,,,
453,MORISON L,MORISON,L,MORISON L,MORISON L,,,
454,MCCUTCHAN F E,MCCUTCHAN,FE,MCCUTCHAN FE,MCCUTCHAN FE,,,
455,CARR J K,CARR,JK,CARR JK,CARR JK,,,
456,ALBERT J,ALBERT,J,ALBERT J,ALBERT J,,,
457,ESSEX M,ESSEX,M,ESSEX M,ESSEX M,,,
458,GOUDSMIT J,GOUDSMIT,J,GOUDSMIT J,GOUDSMIT J,,,
459,ASJO B,ASJO,B,ASJO B,ASJO B,,,
460,SALMINEN M,SALMINEN,M,SALMINEN M,SALMINEN M,,,
461,VAN DER GROEN G,VAN DER GROEN,G,VAN DER GROEN G,VAN DER GROEN G,,,
462,SABOURINPOIRIER C,SABOURINPOIRIER,CATHERINE,SABOURINPOIRIER CATHERINE,SABOURINPOIRIER CATHERINE,,,
463,CHAGNONCHOQUET J,CHAGNONCHOQUET,JOSIANE,CHAGNONCHOQUET JOSIANE,CHAGNONCHOQUET JOSIANE,,,
464,RENNER L A,RENNER,LORNA A,RENNER LORNA A,RENNER LORNA A,ACCRA,UNIV GHANA  SCH MED  DEPT CHILD HLTH  KORLE BU TEACHING HOSP,GHANA
465,DE TOVE Y S S,DE TOVE,Y SISSINTO SAVI,DE TOVE Y SISSINTO SAVI,DE TOVE Y SISSINTO SAVI,COTONOU,CTR NATL HOSP UNIV KOUTOUKOU MAGA CNHU HKM  LAB PARASITOL MYCOL  03BP386,BENIN
467,MONNYKOSSO C N,MONNYKOSSO,CN,MONNYKOSSO CN,MONNYKOSSO CN,,,
468,HOUANSOU J,HOUANSOU,J,HOUANSOU J,HOUANSOU J,,,
469,BATOSSI G,BATOSSI,G,BATOSSI G,BATOSSI G,,,
470,HODONOU I,HODONOU,I,HODONOU I,HODONOU I,,,
471,AGOSSOU R,AGOSSOU,R,AGOSSOU R,AGOSSOU R,,,
472,ADEYANJU I,ADEYANJU,I,ADEYANJU I,ADEYANJU I,,,
473,TESTA J,TESTA,J,TESTA J,TESTA J,,,
474,PORTAL J L,PORTAL,JL,PORTAL JL,PORTAL JL,,,
475,HOUNHOUEDO T,HOUNHOUEDO,T,HOUNHOUEDO T,HOUNHOUEDO T,,,
476,LAGARDE E,LAGARDE,E,LAGARDE E,LAGARDE E,,,
477,AUVERT B,AUVERT,B,AUVERT B,AUVERT B,,,
478,LAOUROU M,LAOUROU,M,LAOUROU M,LAOUROU M,,,
479,FERRY B,FERRY,B,FERRY B,FERRY B,,,
480,AKAM E,AKAM,E,AKAM E,AKAM E,,,
481,SUKWA T,SUKWA,T,SUKWA T,SUKWA T,,,
482,MAURY B,MAURY,B,MAURY B,MAURY B,,,
483,CHEGE J,CHEGE,J,CHEGE J,CHEGE J,,,
484,KEITCHION A S,KEITCHION,A SESSOU,KEITCHION A SESSOU,KEITCHION A SESSOU,,,
485,SAGUI A,SAGUI,A,SAGUI A,SAGUI A,,,
486,SINGBO A T,SINGBO,A TOUDONOU,SINGBO A TOUDONOU,SINGBO A TOUDONOU,,,
487,MONZORGUI AMKZ,MONZORGUI,A M KORA ZIME,MONZORGUI A M KORA ZIME,MONZORGUI A M KORA ZIME,,,
488,ADE S,ADE,S,ADE S,ADE SERGE,COTONOU,CTR NATL HOSP PNEUMOPHTISIOL,BENIN
489,DRABO K M,DRABO,KOINE MAXIME,DRABO KOINE MAXIME,DRABO KOINE MAXIME,OUAGADOUGOU,MINIST RECH SCI & INNOVAT  INST RECH SCI SANTE,BURKINA FASO
490,DE PASCHALE M,DE PASCHALE,MASSIMO,DE PASCHALE MASSIMO,DE PASCHALE MASSIMO,MILAN,HOSP LEGNANO  MICROBIOL UNIT,ITALY
491,CERULLI T,CERULLI,TERESA,CERULLI TERESA,CERULLI TERESA,MILAN,HOSP LEGNANO  MICROBIOL UNIT,ITALY
492,CAGNIN D,CAGNIN,DEBORA,CAGNIN DEBORA,CAGNIN DEBORA,MILAN,HOSP LEGNANO  MICROBIOL UNIT,ITALY
493,CAVALLARI S,CAVALLARI,SERENA,CAVALLARI SERENA,CAVALLARI SERENA,MILAN,HOSP LEGNANO  MICROBIOL UNIT,ITALY
494,CLERICI P,CLERICI,PIERANGELO,CLERICI PIERANGELO,CLERICI PIERANGELO,MILAN,HOSP LEGNANO  MICROBIOL UNIT,ITALY
495,FERROUSSIER O,FERROUSSIER,O,FERROUSSIER O,FERROUSSIER O,PARIS,INT UNION AGAINST TB & LUNG DIS,FRANCE
496,DLODLO R A,DLODLO,R A,DLODLO R A,DLODLO R A,PARIS,INT UNION AGAINST TB & LUNG DIS,FRANCE
498,BOILLOT F,BOILLOT,F,BOILLOT F,BOILLOT F,PARIS,INT UNION AGAINST TB & LUNG DIS,FRANCE
499,TREBUCQ A,TREBUCQ,A,TREBUCQ A,TREBUCQ A,PARIS,INT UNION AGAINST TB & LUNG DIS,FRANCE
500,FUJIWARA P I,FUJIWARA,P I,FUJIWARA P I,FUJIWARA P I,PARIS,INT UNION AGAINST TB & LUNG DIS,FRANCE
501,DOSSOU J P,DOSSOU,JEANPAUL,DOSSOU JEANPAUL,DOSSOU JEANPAUL,,,
502,GLYNN J,GLYNN,J,GLYNN J,GLYNN J,,,
503,BAHSOW O,BAHSOW,O,BAHSOW O,BAHSOW O,,,
504,HOUANGNI C,HOUANGNI,CORNEILLE,HOUANGNI CORNEILLE,HOUANGNI CORNEILLE,COTONOU,MINIST SANTE  PROGRAMME NATL LUTTE CONTRE SIDA,BENIN
505,ASSANI A,ASSANI,ANTOINETTE,ASSANI ANTOINETTE,ASSANI ANTOINETTE,COTONOU,MINIST SANTE  PROGRAMME NATL LUTTE CONTRE SIDA,BENIN
506,AMANIBOSSE C,AMANIBOSSE,CLARISSE,AMANIBOSSE CLARISSE,AMANIBOSSE CLARISSE,,,
507,HAAS A D,HAAS,ANDREAS D,HAAS ANDREAS D,HAAS ANDREAS D,BERN,UNIV BERN  INST SOCIAL & PREVENT MED,SWITZERLAND
508,PARKESRATANSHI R,PARKESRATANSHI,ROSALIND,PARKESRATANSHI ROSALIND,PARKESRATANSHI ROSALIND,,,
509,WOOLSKALOUSTIAN K,WOOLSKALOUSTIAN,KARA,WOOLSKALOUSTIAN KARA,WOOLSKALOUSTIAN KARA,,,
510,ADJOVI C,ADJOVI,C,ADJOVI C,ADJOVI C,,,
511,KANHONOU L,KANHONOU,L,KANHONOU L,KANHONOU L,,,
512,VAN DAMME L,VAN DAMME,L,VAN DAMME L,VAN DAMME L,,,
513,RAMJEE G,RAMJEE,G,RAMJEE G,RAMJEE G,,,
514,VUYLSTEKE B,VUYLSTEKE,B,VUYLSTEKE B,VUYLSTEKE B,,,
515,CHANDEYING V,CHANDEYING,V,CHANDEYING V,CHANDEYING V,,,
516,REES H,REES,H,REES H,REES H,,,
517,SIRIVONGRANGSON P,SIRIVONGRANGSON,P,SIRIVONGRANGSON P,SIRIVONGRANGSON P,,,
518,ETTIEGNETRAORE V,ETTIEGNETRAORE,V,ETTIEGNETRAORE V,ETTIEGNETRAORE V,,,
519,UAHEOWITCHAI C,UAHEOWITCHAI,C,UAHEOWITCHAI C,UAHEOWITCHAI C,,,
520,KARIM S S A,KARIM,SSA,KARIM SSA,KARIM SSA,,,
521,MASSE B,MASSE,B,MASSE B,MASSE B,,,
522,PERRIENS J,PERRIENS,J,PERRIENS J,PERRIENS J,,,
523,LAGA M,LAGA,M,LAGA M,LAGA M,,,
524,ALAYE O M,ALAYE,O M,ALAYE O M,ALAYE O M,COTONOU,AMBULATORY TREATMENT CTR PLWHIV CNHU,BENIN
525,ABEGA S C,ABEGA,SC,ABEGA SC,ABEGA SC,,,
526,DONNE G D,DONNE,GNONLONFOUN DIEU,DONNE GNONLONFOUN DIEU,GNONLONFOUN DIEUDONNE,,,
527,CONSTANT A,CONSTANT,ADJIEN,CONSTANT ADJIEN,CONSTANT ADJIEN,,,
528,THIERRY A,THIERRY,ADOUKONOU,THIERRY ADOUKONOU,THIERRY ADOUKONOU,,,
529,DISMAND H,DISMAND,HOUINATO,DISMAND HOUINATO,DISMAND HOUINATO,,,
530,GILBERT A,GILBERT,AVODE,GILBERT AVODE,GILBERT AVODE,,,
531,ROUTY J P,ROUTY,JEANPIERRE,ROUTY JEANPIERRE,ROUTY JEANPIERRE,,,
