Id,init_name,last_name,first_name,affiliation,city,country
1,AHOMADEGBE C,AHOMADEGBE,C,CNHU HKM  People Living HIVs Ambulatory Treatment Ctr,Cotonou,Benin
2,AHOMADEGBE C,AHOMADEGBE,C,CNHU HKM  Dept Internal Med,Cotonou,Benin
3,ZANNOU D M,ZANNOU,D M,CNHU HKM  People Living HIVs Ambulatory Treatment Ctr,Cotonou,Benin
4,ZANNOU D M,ZANNOU,D M,CNHU HKM  Dept Internal Med,Cotonou,Benin
5,TCHABI Y,TCHABI,Y,,,
6,TCHABI Y,TCHABI,Y,CNHU HKM  Dept Cardiol,Cotonou,Benin
7,AKAKPO J,AKAKPO,J,CNHU HKM  People Living HIVs Ambulatory Treatment Ctr,Cotonou,Benin
8,AHOUADA C,AHOUADA,C,CNHU HKM  People Living HIVs Ambulatory Treatment Ctr,Cotonou,Benin
9,AHOUADA C,AHOUADA,C,CNHU HKM  Dept Internal Med,Cotonou,Benin
10,BASHI J,BASHI,J,CNHU HKM  People Living HIVs Ambulatory Treatment Ctr,Cotonou,Benin
11,ABDOULAYE I,ABDOULAYE,I,,,
12,ABDOULAYE I,ABDOULAYE,I,CNHU HKM  Biochem Lab,Cotonou,Benin
13,YOTEBIENG M,YOTEBIENG,MARCEL,Ohio State Univ  Coll Publ Hlth  Div Epidemiol,Columbus,USA
14,YOTEBIENG M,YOTEBIENG,MARCEL,Univ N Carolina  Dept Epidemiol,Chapel Hill,USA
15,MEYERS T,MEYERS,TAMMY,,,
16,MEYERS T,MEYERS,TAMMY,Univ Witwatersrand  Fac Hlth Sci  Dept Pediat,Johannesburg,South Africa
17,BEHETS F,BEHETS,FRIEDA,,,
18,BEHETS F,BEHETS,FRIEDA,Univ N Carolina  Sch Med,Chapel Hill,USA
19,DAVIES M A,DAVIES,MARYANN,,,
20,KEISER O,KEISER,OLIVIA,,,
21,KEISER O,KEISER,OLIVIA,Univ Bern  Inst Social & Prevent Med,CH-3012 Bern,Switzerland
22,NGONYANI K Z,NGONYANI,KAPELLA ZACHARIA,,,
23,NGONYANI K Z,NGONYANI,KAPELLA ZACHARIA,Tumbi Reg Referral Hosp,Kibaha,Tanzania
24,LYAMUYA R E,LYAMUYA,RITA E,,,
25,LYAMUYA R E,LYAMUYA,RITA E,Morogoro Reg Hosp,Morogoro,Tanzania
26,KARIMINIA A,KARIMINIA,AZAR,,,
27,KARIMINIA A,KARIMINIA,AZAR,Univ New S Wales  Kirby Inst Infect & Immun Soc  Darlinghurst,NSW,Australia
28,HANSUDEWECHAKUL R,HANSUDEWECHAKUL,RAWIWAN,,,
29,HANSUDEWECHAKUL R,HANSUDEWECHAKUL,RAWIWAN,Chiangrai Prachanukroh Hosp,Chiangrai,Thailand
30,LEROY V,LEROY,VALERIANE,,,
31,LEROY V,LEROY,VALERIANE,Univ Bordeaux  Inst Sante Publ Epidemiol & Dev,Bordeaux,France
32,LEROY V,LEROY,VALERIANE,INSERM  Ctr Inserm Epidemiol & Biostat U897,Bordeaux,France
33,KOUMAKPAI S,KOUMAKPAI,SIKIRATOU,,,
34,KOUMAKPAI S,KOUMAKPAI,SIKIRATOU,Univ Hubert K Maga  Ctr Natl Hosp,Cotonou,Benin
35,NEWMAN J,NEWMAN,JAMIE,,,
36,NEWMAN J,NEWMAN,JAMIE,RTI Int  Biostat & Epidemiol,Res Triangle Pk,USA
37,VAN RIE A,VAN RIE,ANNELIES,,,
38,VAN RIE A,VAN RIE,ANNELIES,Univ N Carolina  Dept Epidemiol,Chapel Hill,USA
39,CHAMBERLAND A,CHAMBERLAND,ANNIE,Ctr Hosp Univ Montreal CRCHUM  Ctr Rech  Montreal,PQ,Canada
40,DIABATE S,DIABATE,SOULEYMANE,Ctr Hosp Univ Montreal CRCHUM  Ctr Rech  Montreal,PQ,Canada
41,SYLLA M,SYLLA,MOHAMED,Ctr Hosp Univ Montreal CRCHUM  Ctr Rech  Montreal,PQ,Canada
42,ANAGOUNOU S,ANAGOUNOU,SEVERIN,,,
43,ANAGOUNOU S,ANAGOUNOU,SEVERIN,Ctr Sante Cotonou I  Dispensaire IST,Cotonou,Benin
44,GERALDO N,GERALDO,NASSIROU,,,
45,GERALDO N,GERALDO,NASSIROU,Ctr Sante Cotonou I  Dispensaire IST,Cotonou,Benin
46,ZANNOU D M,ZANNOU,DJIMON MARCEL,,,
47,ZANNOU D M,ZANNOU,DJIMON MARCEL,Ctr Natl Hosp Univ  Ctr Traitement Ambulatoire,Cotonou,Benin
48,LABBE A C,LABBE,ANNIECLAUDE,,,
49,WOROBEY M,WOROBEY,MICHAEL,,,
50,WOROBEY M,WOROBEY,MICHAEL,Univ Arizona  Dept Ecol & Evolutionary Biol,Tucson,AZ USA
51,ALARY M,ALARY,MICHEL,,,
52,ALARY M,ALARY,MICHEL,CHA Univ Quebec  Ctr Rech FRSQ  URESP  Quebec City,PQ,Canada
53,ALARY M,ALARY,MICHEL,Univ Laval  Dept Med Sociale & Prevent  Quebec City,PQ G1K 7P4,Canada
54,ALARY M,ALARY,MICHEL,Inst Natl Sante Publ Quebec  Quebec City,PQ,Canada
55,TREMBLAY C,TREMBLAY,CECILE,Ctr Hosp Univ Montreal CRCHUM  Ctr Rech  Montreal,PQ,Canada
56,TREMBLAY C,TREMBLAY,CECILE,Univ Montreal  Dept Microbiol & Immunol  Montreal,PQ H3C 3J7,Canada
57,JESSON J,JESSON,JULIE,INSERM  Epidemiol Biostat U897  Ctr Inserm,Bordeaux,France
58,JESSON J,JESSON,JULIE,Univ Bordeaux  Ctr Inserm  Epidemiol Biostat U897  ISPED,Bordeaux,France
59,KOUMAKPAI S,KOUMAKPAI,SIKIRATOU,Ctr Natl Hosp Univ Hubert K Maga,Cotonou,Benin
60,DIAGNE N R,DIAGNE,NDEYE R,,,
61,DIAGNE N R,DIAGNE,NDEYE R,Hop Enfants Albert Royer,Dakar,Senegal
62,AMORISSANIFOLQUET M,AMORISSANIFOLQUET,MADELEINE,,,
63,KOUETA F,KOUETA,FLA,,,
64,KOUETA F,KOUETA,FLA,Ctr Hosp Univ Charles de Gaulle  Hop Pediat,Ouagadougou,Burkina Faso
65,AKA A,AKA,ADDI,,,
66,AKA A,AKA,ADDI,Ctr Prise Charge Rech & Format CePReF,Abidjan,Cote Ivoire
67,LAWSONEVI K,LAWSONEVI,KOKO,,,
68,DICKO F,DICKO,FATOUMATA,,,
69,DICKO F,DICKO,FATOUMATA,Hop Gabriel Toure,Bamako,Mali
70,KOUAKOU K,KOUAKOU,KOUADIO,,,
71,KOUAKOU K,KOUAKOU,KOUADIO,CIRBA,Abidjan,Cote Ivoire
72,PETY T,PETY,TOURE,,,
73,PETY T,PETY,TOURE,Programme MTCT,Abidjan,Cote Ivoire
74,RENNER L,RENNER,LORNA,,,
75,RENNER L,RENNER,LORNA,Korle Bu Hosp,Accra,Ghana
76,EBOUA T,EBOUA,TANOH,,,
77,EBOUA T,EBOUA,TANOH,Ctr Hosp Univ Yopougon  Serv Pediat,Abidjan,Cote Ivoire
78,COFFIE P A,COFFIE,PATRICK A,,,
79,COFFIE P A,COFFIE,PATRICK A,PACCI  Reg IeDEA Coordinat,Abidjan,Cote Ivoire
80,DESMONDE S,DESMONDE,SOPHIE,INSERM  Epidemiol Biostat U897  Ctr Inserm,Bordeaux,France
81,DESMONDE S,DESMONDE,SOPHIE,Univ Bordeaux  Ctr Inserm  Epidemiol Biostat U897  ISPED,Bordeaux,France
82,LEROY V,LEROY,VALERIANE,INSERM  Epidemiol Biostat U897  Ctr Inserm,Bordeaux,France
83,LEROY V,LEROY,VALERIANE,Univ Bordeaux  Ctr Inserm  Epidemiol Biostat U897  ISPED,Bordeaux,France
84,MUKENGETSHIBAKA L,MUKENGETSHIBAKA,L,,,
85,ALARY M,ALARY,M,,,
86,GERALDO N,GERALDO,N,,,
87,LOWNDES C M,LOWNDES,CM,,,
88,DIABATE S,DIABATE,SOULEYMANE,Univ Quebec  CHA  Ctr Rech  URESP FRSQ  Quebec City,PQ,Canada
89,DIABATE S,DIABATE,SOULEYMANE,Univ Laval  Dept Med Sociale & Prevent  Quebec City,PQ,Canada
90,DIABATE S,DIABATE,SOULEYMANE,Ctr Hosp Univ Montreal  Ctr Rech  Montreal,PQ,Canada
91,CHAMBERLAND A,CHAMBERLAND,ANNIE,,,
92,CHAMBERLAND A,CHAMBERLAND,ANNIE,Ctr Hosp Univ Montreal  Ctr Rech  Montreal,PQ,Canada
93,ZANNOU D M,ZANNOU,DJIMON M,,,
94,ZANNOU D M,ZANNOU,DJIMON M,Ctr Natl Hosp Univ Cotonou,Cotonou,Benin
95,ZANNOU D M,ZANNOU,DJIMON M,Univ Abomey Calavi  Fac Sci Sante,Cotonou,Benin
96,AZONKOUANOU A,AZONKOUANOU,ANGELE,,,
97,MASSINGALOEMBE M,MASSINGALOEMBE,MARGUERITE,,,
98,AHOMADEGBE C,AHOMADEGBE,CHRISTELLE,,,
99,AHOMADEGBE C,AHOMADEGBE,CHRISTELLE,Ctr Natl Hosp Univ Cotonou,Cotonou,Benin
100,TREMBLAY C,TREMBLAY,CECILE,,,
101,TREMBLAY C,TREMBLAY,CECILE,Ctr Hosp Univ Montreal  Ctr Rech  Montreal,PQ,Canada
102,ALARY M,ALARY,MICHEL,Univ Quebec  CHA  Ctr Rech  URESP FRSQ  Quebec City,PQ,Canada
103,ALARY M,ALARY,MICHEL,Univ Laval  Dept Med Sociale & Prevent  Quebec City,PQ,Canada
104,JURE E,JURE,ESTELLE,Univ Paris 13  UPRES EA 3412  Lab Pedag Sante,F-93017 Bobigny,France
105,IGUENANE J,IGUENANE,JACQUELINE,Univ Paris 13  UPRES EA 3412  Lab Pedag Sante,F-93017 Bobigny,France
106,TOUDONOU A,TOUDONOU,ANNICETTE,,,
107,TOUDONOU A,TOUDONOU,ANNICETTE,Hop Instruct Armees Cotonou  Serv Pediat,Cotonou,Benin
108,AZONDEKON A,AZONDEKON,ALAIN,,,
109,AZONDEKON A,AZONDEKON,ALAIN,Hop Instruct Armees Cotonou  Serv Pediat,Cotonou,Benin
110,GAGNAYRE R,GAGNAYRE,REMI,Univ Paris 13  UPRES EA 3412  Lab Pedag Sante,F-93017 Bobigny,France
111,PEPIN J,PEPIN,J,,,
112,LABBE A C,LABBE,AC,,,
113,KHONDE N,KHONDE,N,,,
114,DESLANDES S,DESLANDES,S,,,
115,DZOKOTO A,DZOKOTO,A,,,
116,ASAMOAHADU C,ASAMOAHADU,C,,,
117,MEDA H,MEDA,H,,,
118,FROST E,FROST,E,,,
119,VINCENT Q B,VINCENT,QUENTIN B,INSERM  Necker Branch  Lab Human Genet Infect Dis  U1163,Paris,France
120,VINCENT Q B,VINCENT,QUENTIN B,Univ Paris 05  Sorbonne Paris Cite  Inst Imagine,Paris,France
121,ARDANT M F,ARDANT,MARIEFRANCOISE,,,
122,MARSOLLIER L,MARSOLLIER,LAURENT,,,
123,MARSOLLIER L,MARSOLLIER,LAURENT,Univ Angers  INSERM  U892,Angers,France
124,MARSOLLIER L,MARSOLLIER,LAURENT,Univ Angers  CNRS  U6299  Equipe 7,Angers,France
125,MARSOLLIER L,MARSOLLIER,LAURENT,CHU Angers,Angers,France
126,CHAUTY A,CHAUTY,ANNICK,,,
127,CHAUTY A,CHAUTY,ANNICK,Ctr Depistage & Traitement Ulcere Buruli,Pobe,Benin
128,CHAUTY A,CHAUTY,ANNICK,Fdn Raoul Follereau,Paris,France
129,ALCAIS A,ALCAIS,ALEXANDRE,INSERM  Necker Branch  Lab Human Genet Infect Dis  U1163,Paris,France
130,ALCAIS A,ALCAIS,ALEXANDRE,Univ Paris 05  Sorbonne Paris Cite  Inst Imagine,Paris,France
131,ALCAIS A,ALCAIS,ALEXANDRE,Rockefeller Univ  St Giles Lab Human Genet Infect Dis  Rockefeller Branch,New York,USA
132,ALCAIS A,ALCAIS,ALEXANDRE,AP HP  Paris Ctr Descartes Necker Cochin  Unite Rech Clin,Paris,France
133,BERNIER F,BERNIER,F,,,
134,GNINTOUNGBE C A B,GNINTOUNGBE,CAB,,,
135,ANAGONOU S,ANAGONOU,S,,,
136,JOLY J R,JOLY,JR,,,
137,BURGOSSOTO J,BURGOSSOTO,JUAN,,,
138,BALESTRE E,BALESTRE,ERIC,Univ Bordeaux  ISPED  Ctr INSERM Epidemiol Biostat U897,F-33076 Bordeaux,France
139,BALESTRE E,BALESTRE,ERIC,INSERM  ISPED  Ctr INSERM Epidemiol Biostat U897,Bordeaux,France
140,MINGA A,MINGA,ALBERT,,,
141,MINGA A,MINGA,ALBERT,CMSDS,Abidjan,Cote Ivoire
142,AJAYI S,AJAYI,SAMUEL,,,
143,AJAYI S,AJAYI,SAMUEL,UATH,Abuja,Nigeria
144,SAWADOGO A,SAWADOGO,ADRIEN,,,
145,SAWADOGO A,SAWADOGO,ADRIEN,CHU Souro Sanou  Hop Jour,Bobo Dioulasso,Burkina Faso
146,ZANNOU M D,ZANNOU,MARCEL D,,,
147,ZANNOU M D,ZANNOU,MARCEL D,CHNU  Ctr Prise Charge Personnes Vivant Avec VIH,Cotonou,Benin
148,LEROY V,LEROY,VALERIANE,Univ Bordeaux  ISPED  Ctr INSERM Epidemiol Biostat U897,F-33076 Bordeaux,France
149,LEROY V,LEROY,VALERIANE,INSERM  ISPED  Ctr INSERM Epidemiol Biostat U897,Bordeaux,France
150,EKOUEVI D K,EKOUEVI,DIDIER K,Univ Bordeaux  ISPED  Ctr INSERM Epidemiol Biostat U897,F-33076 Bordeaux,France
151,EKOUEVI D K,EKOUEVI,DIDIER K,INSERM  ISPED  Ctr INSERM Epidemiol Biostat U897,Bordeaux,France
152,EKOUEVI D K,EKOUEVI,DIDIER K,Univ Lome  Fac Sci Sante  Dept Sci Fondamentales & Sante Publ,Lome,Togo
153,DABIS F,DABIS,FRANCOIS,Univ Bordeaux  ISPED  Ctr INSERM Epidemiol Biostat U897,F-33076 Bordeaux,France
154,DABIS F,DABIS,FRANCOIS,INSERM  ISPED  Ctr INSERM Epidemiol Biostat U897,Bordeaux,France
155,BECQUET R,BECQUET,RENAUD,Univ Bordeaux  ISPED  Ctr INSERM Epidemiol Biostat U897,F-33076 Bordeaux,France
156,BECQUET R,BECQUET,RENAUD,INSERM  ISPED  Ctr INSERM Epidemiol Biostat U897,Bordeaux,France
157,ZANNOU D M,ZANNOU,DM,,,
158,KINDEGAZARD D,KINDEGAZARD,D,,,
159,VIGAN J,VIGAN,J,,,
160,ADE G,ADE,G,,,
161,SEHONOU J J,SEHONOU,JJ,,,
162,ATADOKPEDE F,ATADOKPEDE,F,,,
163,AZONDEKON A,AZONDEKON,A,,,
164,GBEDO C,GBEDO,C,,,
165,ANAGONOU S Y,ANAGONOU,SY,,,
166,HOUNGBE F,HOUNGBE,F,,,
167,DENOEUDNDAM L,DENOEUDNDAM,L,,,
168,ROMBY A,ROMBY,A,Inst Rech Dev,Cotonou,Benin
169,FOURCADE C,FOURCADE,C,Inst Rech Dev,Cotonou,Benin
170,AKAKPO J,AKAKPO,J,Inst Rech Dev,Cotonou,Benin
171,AKAKPO J,AKAKPO,J,Ctr Natl Hosp Univ Hubert Koutoukou Maga  Ctr Traitement Ambulatoire  Serv Med Interne,Cotonou,Benin
172,AFANGNIHOUN A,AFANGNIHOUN,A,,,
173,AFANGNIHOUN A,AFANGNIHOUN,A,Hop Zone Suru Lere Ctr Traitement Ambulatoire,Cotonou,Benin
174,ATADOKPEDE F,ATADOKPEDE,F,Hop Instruct Armees Camp Guezo  Serv Med Interne,Cotonou,Benin
175,DOSSOUGBETE L,DOSSOUGBETE,L,,,
176,DOSSOUGBETE L,DOSSOUGBETE,L,Clin Louis Pasteur,Porto Novo,Benin
177,PERRIN R X,PERRIN,R X,,,
178,GIRARD P M,GIRARD,P M,,,
179,ZANNOU D M,ZANNOU,D MARCEL,,,
180,ZANNOU D M,ZANNOU,D MARCEL,Ctr Natl Hosp Univ Hubert Koutoukou Maga  Ctr Traitement Ambulatoire  Serv Med Interne,Cotonou,Benin
181,ZANNOU D M,ZANNOU,D MARCEL,Univ dAbomey Calavi  Fac Sci sante,Cotonou,Benin
182,COT M,COT,M,,,
183,COT M,COT,M,Inst Rech Dev,Paris,France
184,AYEDELE A B,AYEDELE,A B,,,
185,BEHANZIN M N,BEHANZIN,M N,,,
186,DESMONDE S,DESMONDE,SOPHIE,Univ Bordeaux  Inst Sante Publ Epidemiol & Dev,Bordeaux,France
187,DESMONDE S,DESMONDE,SOPHIE,INSERM  Ctr Inserm Epidemiol Biostat U897,Bordeaux,France
188,EBOUA F T,EBOUA,FRANCOIS T,,,
189,EBOUA F T,EBOUA,FRANCOIS T,CHU Yopougon,Abidjan,Cote Ivoire
190,MALATESTE K,MALATESTE,KAREN,Univ Bordeaux  Inst Sante Publ Epidemiol & Dev,Bordeaux,France
191,MALATESTE K,MALATESTE,KAREN,INSERM  Ctr Inserm Epidemiol Biostat U897,Bordeaux,France
192,EKOUEVI D K,EKOUEVI,DIDIER K,Univ Bordeaux  Inst Sante Publ Epidemiol & Dev,Bordeaux,France
193,EKOUEVI D K,EKOUEVI,DIDIER K,INSERM  Ctr Inserm Epidemiol Biostat U897,Bordeaux,France
194,EKOUEVI D K,EKOUEVI,DIDIER K,CHU Treichville  IeDEA Reg Ctr  PACCI,Abidjan,Cote Ivoire
195,NGBECHE S,NGBECHE,SYLVIE,,,
196,NGBECHE S,NGBECHE,SYLVIE,Ctr Pediat Prise Charge Rech & Format CePReF,Abidjan,Cote Ivoire
197,KOUETA F,KOUETA,FLA,CHU Charles Gaulle  Hop Pediat,Ouagadougou,Burkina Faso
198,SY H S,SY,HABY SIGNATE,,,
199,SY H S,SY,HABY SIGNATE,Hop Enfants Albert Royer,Dakar,Senegal
200,KOUMAKPAI S A,KOUMAKPAI,SIRIATOU A,,,
201,KOUMAKPAI S A,KOUMAKPAI,SIRIATOU A,CHU Natl  Serv Pediat,Cotonou,Benin
202,LEROY V,LEROY,VALERIANE,INSERM  Ctr Inserm Epidemiol Biostat U897,Bordeaux,France
203,DENOEUDNDAM L,DENOEUDNDAM,LISE,,,
204,CLEMENT M C,CLEMENT,MARIECAROLINE,,,
205,BRIAND V,BRIAND,VALERIE,Fac Pharm  IRD  UMR 216,F-75270 Paris 06,France
206,BRIAND V,BRIAND,VALERIE,Univ Paris 05,Paris,France
207,AKAKPO J,AKAKPO,JOCELYN,,,
208,AKAKPO J,AKAKPO,JOCELYN,Ctr Natl Hosp Univ Hubert Koutoukou Maga  Ctr Traitement Ambulatoire,Cotonou,Benin
209,AGOSSOU V K,AGOSSOU,VIDEHOUENOU K,,,
210,AGOSSOU V K,AGOSSOU,VIDEHOUENOU K,Ctr Natl Hosp Univ Hubert Koutoukou Maga  Clin Univ Gynecol Obstet,Cotonou,Benin
211,ATADOKPEDE F,ATADOKPEDE,FELIX,,,
212,ATADOKPEDE F,ATADOKPEDE,FELIX,Hop Instruct Armees  Serv Med Interne,Cotonou,Benin
213,DOSSOUGBETE L,DOSSOUGBETE,LUCIEN,,,
214,KOMONGUI D G,KOMONGUI,DIDIER G,,,
215,KOMONGUI D G,KOMONGUI,DIDIER G,Hop Mere & Enfant Lagune  Serv Gynecol Obstet,Cotonou,Benin
216,AFANGNIHOUN A,AFANGNIHOUN,ALDRIC,,,
217,AFANGNIHOUN A,AFANGNIHOUN,ALDRIC,Hop Zone Suru Lere  Ctr Traitement Ambulatoire,Cotonou,Benin
218,GIRARD P M,GIRARD,PIERREMARIE,,,
219,ZANNOU D M,ZANNOU,DJIMONMARCEL,,,
220,COT M,COT,MICHEL,Fac Pharm  IRD  UMR 216,F-75270 Paris 06,France
221,COT M,COT,MICHEL,Univ Paris 05,Paris,France
222,ZANNOU D M,ZANNOU,DJIMON MARCEL,Ctr Natl Hosp & Univ Hubert Koutoukou Maga  Serv Med Interne,Cotonou,Benin
223,ZANNOU D M,ZANNOU,DJIMON MARCEL,Univ Abomey Calavi  Fac Sci Sante,Cotonou,Benin
224,DENOEUD L,DENOEUD,LISE,Hop St Antoine  AP HP  Serv Malad Infect & Trop,F-75571 Paris,France
225,LACOMBE K,LACOMBE,KARINE,Hop St Antoine  AP HP  Serv Malad Infect & Trop,F-75571 Paris,France
226,LACOMBE K,LACOMBE,KARINE,Univ Paris 06  Fac Med St Antoine,Paris,France
227,LACOMBE K,LACOMBE,KARINE,Univ Paris 06  INSERM  UMR S 707,Paris,France
228,AMOUSSOUGUENOU D,AMOUSSOUGUENOU,DANIEL,,,
229,BASHI J,BASHI,JULES,,,
230,BASHI J,BASHI,JULES,Ctr Natl Hosp & Univ Hubert Koutoukou Maga  Serv Med Interne,Cotonou,Benin
231,AKAKPO J,AKAKPO,JOCELYN,Ctr Natl Hosp & Univ Hubert Koutoukou Maga  Serv Med Interne,Cotonou,Benin
232,GOUGOUNON A,GOUGOUNON,ALICE,,,
233,GOUGOUNON A,GOUGOUNON,ALICE,Ctr Natl Hosp & Univ Hubert Koutoukou Maga  Serv Med Interne,Cotonou,Benin
234,AKONDE A,AKONDE,ALAIN,,,
235,AKONDE A,AKONDE,ALAIN,Ctr Natl Hosp & Univ Hubert Koutoukou Maga  Serv Med Interne,Cotonou,Benin
236,ADE G,ADE,GABRIEL,,,
237,ADE G,ADE,GABRIEL,Ctr Natl Hosp & Univ Hubert Koutoukou Maga  Serv Med Interne,Cotonou,Benin
238,ADE G,ADE,GABRIEL,Univ Abomey Calavi  Fac Sci Sante,Cotonou,Benin
239,HOUNGBE F,HOUNGBE,FABIEN,,,
240,HOUNGBE F,HOUNGBE,FABIEN,Ctr Natl Hosp & Univ Hubert Koutoukou Maga  Serv Med Interne,Cotonou,Benin
241,HOUNGBE F,HOUNGBE,FABIEN,Univ Abomey Calavi  Fac Sci Sante,Cotonou,Benin
242,GENG E H,GENG,ELVIN H,Univ Calif San Francisco,San Francisco,USA
243,NEILANDS T B,NEILANDS,TORSTEN B,Univ Calif San Francisco,San Francisco,USA
244,THIEBAUT R,THIEBAUT,RODOLPHE,,,
245,THIEBAUT R,THIEBAUT,RODOLPHE,Bordeaux Univ  INSERM  U897,Bordeaux,France
246,BWANA M B,BWANA,MWEBESA BOSCO,,,
247,BWANA M B,BWANA,MWEBESA BOSCO,Mbarara Univ Sci & Technol,Mbarara,Uganda
248,NASH D,NASH,DENIS,,,
249,NASH D,NASH,DENIS,CUNY,New York,USA
250,MOORE R D,MOORE,RICHARD D,,,
251,MOORE R D,MOORE,RICHARD D,Johns Hopkins Univ,Baltimore,USA
252,WOOD R,WOOD,ROBIN,,,
253,WOOD R,WOOD,ROBIN,Univ Cape Town,ZA-7925 Cape Town,South Africa
254,ZANNOU D M,ZANNOU,DJIMON MARCEL,Ctr Natl Hosp Univ,Cotonou,Benin
255,ALTHOFF K N,ALTHOFF,KERI N,,,
256,ALTHOFF K N,ALTHOFF,KERI N,Johns Hopkins Univ,Baltimore,USA
257,LIM P L,LIM,POH LIAN,,,
258,LIM P L,LIM,POH LIAN,Tan Tock Seng Hosp  Inst Infect Dis,Singapore,Singapore
259,NACHEGA J B,NACHEGA,JEAN B,,,
260,NACHEGA J B,NACHEGA,JEAN B,Univ Pittsburgh  Grad Sch Publ Hlth  Dept Epidemiol  Program Infect Dis,Pittsburgh,USA
261,NACHEGA J B,NACHEGA,JEAN B,Johns Hopkins Bloomberg Sch Publ Hlth  Dept Epidemiol,Baltimore,USA
262,NACHEGA J B,NACHEGA,JEAN B,Johns Hopkins Bloomberg Sch Publ Hlth  Dept Int Hlth,Baltimore,USA
263,NACHEGA J B,NACHEGA,JEAN B,Univ Stellenbosch  Dept Med,Cape Town,South Africa
264,NACHEGA J B,NACHEGA,JEAN B,Univ Stellenbosch  Ctr Infect Dis,Cape Town,South Africa
265,EASTERBROOK P J,EASTERBROOK,PHILIPPA J,,,
266,EASTERBROOK P J,EASTERBROOK,PHILIPPA J,Infect Dis Inst,Kampala,Uganda
267,KAMBUGU A,KAMBUGU,ANDREW,,,
268,KAMBUGU A,KAMBUGU,ANDREW,Infect Dis Inst,Kampala,Uganda
269,LITTLE F,LITTLE,FRANCESCA,,,
270,LITTLE F,LITTLE,FRANCESCA,Univ Cape Town,ZA-7925 Cape Town,South Africa
271,NAKIGOZI G,NAKIGOZI,GERTRUDE,,,
272,NAKIGOZI G,NAKIGOZI,GERTRUDE,Rakai Hlth Sci Program,Kalisizo,Uganda
273,NAKANJAKO D,NAKANJAKO,DAMALIE,,,
274,NAKANJAKO D,NAKANJAKO,DAMALIE,Infect Dis Inst,Kampala,Uganda
275,KIGGUNDU V,KIGGUNDU,VALERIAN,,,
276,KIGGUNDU V,KIGGUNDU,VALERIAN,Rakai Hlth Sci Program,Kalisizo,Uganda
277,LI P C K,LI,PATRICK CHUNG KI,,,
278,LI P C K,LI,PATRICK CHUNG KI,Queen Elizabeth Hosp  Hong Kong,Hong Kong,China
279,BANGSBERG D R,BANGSBERG,DAVID R,,,
280,BANGSBERG D R,BANGSBERG,DAVID R,Harvard Univ  Massachusetts Gen Hosp  Ctr Global Hlth,Boston,USA
281,FOX M P,FOX,MATTHEW P,,,
282,FOX M P,FOX,MATTHEW P,Boston Univ  Ctr Global Hlth & Dev,Boston,USA
283,FOX M P,FOX,MATTHEW P,Univ Witwatersrand  Fac Hlth Sci  Sch Clin Med  Hlth Econ & Epidemiol Res Off Dept Internal Med,Johannesburg,South Africa
284,PROZESKY H W,PROZESKY,HANS W,,,
285,PROZESKY H W,PROZESKY,HANS W,Univ Stellenbosch  Dept Med  Div Infect Dis,Cape Town,South Africa
286,PROZESKY H W,PROZESKY,HANS W,Tygerberg Acad Hosp,Cape Town,South Africa
287,HUNT P W,HUNT,PETER W,Univ Calif San Francisco,San Francisco,USA
288,REYNOLDS S J,REYNOLDS,STEVEN J,,,
289,REYNOLDS S J,REYNOLDS,STEVEN J,Johns Hopkins Univ,Baltimore,USA
290,REYNOLDS S J,REYNOLDS,STEVEN J,Rakai Hlth Sci Program,Kalisizo,Uganda
291,REYNOLDS S J,REYNOLDS,STEVEN J,NIAID,Washington,USA
292,EGGER M,EGGER,MATTHIAS,,,
293,EGGER M,EGGER,MATTHIAS,Univ Bern,Bern,Switzerland
294,YIANNOUTSOS C T,YIANNOUTSOS,CONSTANTIN T,,,
295,YIANNOUTSOS C T,YIANNOUTSOS,CONSTANTIN T,Indiana Univ,Indianapolis,USA
296,VITTINGHOFF E V,VITTINGHOFF,ERIC V,Univ Calif San Francisco,San Francisco,USA
297,DEEKS S G,DEEKS,STEVEN G,Univ Calif San Francisco,San Francisco,USA
298,MARTIN J N,MARTIN,JEFFREY N,Univ Calif San Francisco,San Francisco,USA
299,JAQUET A,JAQUET,ANTOINE,Univ Bordeaux  ISPED  Ctr INSERM  Epidemiol Biostat U897,F-33000 Bordeaux,France
300,JAQUET A,JAQUET,ANTOINE,INSERM  ISPED  Ctr INSERM  Epidemiol Biostat U897,F-33000 Bordeaux,France
301,ODUTOLA M,ODUTOLA,MICHAEL,,,
302,ODUTOLA M,ODUTOLA,MICHAEL,Inst Human Virol Nigeria IHVN,Abuja,Nigeria
303,EKOUEVI D K,EKOUEVI,DIDIER K,Univ Bordeaux  ISPED  Ctr INSERM  Epidemiol Biostat U897,F-33000 Bordeaux,France
304,EKOUEVI D K,EKOUEVI,DIDIER K,INSERM  ISPED  Ctr INSERM  Epidemiol Biostat U897,F-33000 Bordeaux,France
305,EKOUEVI D K,EKOUEVI,DIDIER K,Univ Lome  Dept Sante Publ  Fac Sci Sante,Lome,Togo
306,TANON A,TANON,ARISTOPHANE,,,
307,TANON A,TANON,ARISTOPHANE,CHU Treichville  SMIT,Abidjan,Cote Ivoire
308,OGA E,OGA,EMMANUEL,,,
309,OGA E,OGA,EMMANUEL,Inst Human Virol Nigeria IHVN,Abuja,Nigeria
310,AKAKPO J,AKAKPO,JOCELYN,CHNU Cotonou  Ctr Prise Charge Personnes Vivant Avec VIH,Cotonou,Benin
311,CHARURAT M,CHARURAT,MANHATTAN,,,
312,CHARURAT M,CHARURAT,MANHATTAN,Inst Human Virol Nigeria IHVN,Abuja,Nigeria
313,ZANNOU M D,ZANNOU,MARCEL D,CHNU Cotonou  Ctr Prise Charge Personnes Vivant Avec VIH,Cotonou,Benin
314,EHOLIE S P,EHOLIE,SERGE P,,,
315,EHOLIE S P,EHOLIE,SERGE P,CHU Treichville  SMIT,Abidjan,Cote Ivoire
316,SASCO A J,SASCO,ANNIE J,Univ Bordeaux  ISPED  Ctr INSERM  Epidemiol Biostat U897,F-33000 Bordeaux,France
317,SASCO A J,SASCO,ANNIE J,INSERM  ISPED  Ctr INSERM  Epidemiol Biostat U897,F-33000 Bordeaux,France
318,BISSAGNENE E,BISSAGNENE,EMMANUEL,,,
319,BISSAGNENE E,BISSAGNENE,EMMANUEL,CHU Treichville  SMIT,Abidjan,Cote Ivoire
320,ADEBAMOWO C,ADEBAMOWO,CLEMENT,,,
321,ADEBAMOWO C,ADEBAMOWO,CLEMENT,Inst Human Virol Nigeria IHVN,Abuja,Nigeria
322,DABIS F,DABIS,FRANCOIS,Univ Bordeaux  ISPED  Ctr INSERM  Epidemiol Biostat U897,F-33000 Bordeaux,France
323,DABIS F,DABIS,FRANCOIS,INSERM  ISPED  Ctr INSERM  Epidemiol Biostat U897,F-33000 Bordeaux,France
324,FOURCADE C,FOURCADE,CAMILLE,Inst Rech Dev  UMR 216,Paris,France
325,FOURCADE C,FOURCADE,CAMILLE,Univ Paris 05  Fac Pharm,Paris,France
326,TARONBROCARD C,TARONBROCARD,CLEMENT,,,
327,PORCHER R,PORCHER,RAPHAEL,,,
328,PORCHER R,PORCHER,RAPHAEL,Hop St Louis  INSERM  U717,Paris,France
329,KOMONGUI D G,KOMONGUI,DIDIER G,Hop Mere & Enfant Lagune  Gynecol Serv,Cotonou,Benin
330,NDAM N T,NDAM,NICAISE T,Inst Rech Dev  UMR 216,Paris,France
331,NDAM N T,NDAM,NICAISE T,Univ Paris 05  Fac Pharm,Paris,France
332,COT M,COT,MICHEL,Inst Rech Dev  UMR 216,Paris,France
333,COT M,COT,MICHEL,Univ Paris 05  Fac Pharm,Paris,France
334,BEHANZIN T,BEHANZIN,T,,,
335,LANTONKPODE A,LANTONKPODE,A,,,
336,LANTONHEDJRA P,LANTONHEDJRA,P,,,
337,AHOUANVOEKE L,AHOUANVOEKE,L,,,
338,GUEZODJE P A,GUEZODJE,PA,,,
339,ADEBAYO A,ADEBAYO,ALASSANI,Ctr Hosp Univ Dept Borgou Alibori,Parakou,Benin
340,ALBERT D C,ALBERT,DOVONOU COMLAN,Ctr Hosp Univ Dept Borgou Alibori,Parakou,Benin
341,ERICIE S,ERICIE,SOSSOU,,,
342,ERICIE S,ERICIE,SOSSOU,UAC Cotonou  Fac Sci Sante,Abomey Calavi,Benin
343,ANGELO A C,ANGELO,ATTINSOUNON COSSI,Ctr Hosp Univ Dept Borgou Alibori,Parakou,Benin
344,JULES G,JULES,GNINKOUN,,,
345,JULES G,JULES,GNINKOUN,Ctr Natl Hosp Univ Hubert Koutoucou Maga,Cotonou,Benin
346,ARMAND W,ARMAND,WANVOEGBE,,,
347,ARMAND W,ARMAND,WANVOEGBE,Ctr Hosp Univ Dept Oueme Plateau,Porto Novo,Benin
348,SERAPHIN A,SERAPHIN,AHOUI,Ctr Hosp Univ Dept Borgou Alibori,Parakou,Benin
349,LEOPOLD C,LEOPOLD,CODJO,Ctr Hosp Univ Dept Borgou Alibori,Parakou,Benin
350,GABRIEL A,GABRIEL,ADE,,,
351,GABRIEL A,GABRIEL,ADE,Ctr Natl Hosp Univ Hubert Koutoucou Maga,Cotonou,Benin
352,BATONA G,BATONA,GEORGES,Ctr Hosp Univ Quebec  Res Ctr  Axe Sante Populat & Prat Optimales Sante  Quebec City,PQ,Canada
353,BATONA G,BATONA,GEORGES,Univ Laval  Fac Nursing  Quebec City,PQ,Canada
354,GAGNON M P,GAGNON,MARIEPIERRE,,,
355,SIMONYAN D A,SIMONYAN,DAVID A,Ctr Hosp Univ Quebec  Res Ctr  Axe Sante Populat & Prat Optimales Sante  Quebec City,PQ,Canada
356,GUEDOU F A,GUEDOU,FERNAND A,Ctr Hosp Univ Quebec  Res Ctr  Axe Sante Populat & Prat Optimales Sante  Quebec City,PQ,Canada
357,GUEDOU F A,GUEDOU,FERNAND A,Dispensaire IST  Ctr Sante Cotonou 1,Cotonou,Benin
358,ALARY M,ALARY,MICHEL,Ctr Hosp Univ Quebec  Res Ctr  Axe Sante Populat & Prat Optimales Sante  Quebec City,PQ,Canada
359,ALARY M,ALARY,MICHEL,Univ Laval  Dept Social & Prevent Med  Quebec City,PQ,Canada
360,DIEUDONNE E S G,DIEUDONNE,E S G,,,
361,LAMBERT M R,LAMBERT,M R,,,
362,BRIAND V,BRIAND,VALERIE,Inst Rech Dev  UMR 216,Paris,France
363,ZANNOU D M,ZANNOU,DJIMON M,Ctr Natl Hosp Univ Hubert Koutoukou Maga  Ctr Traitement Ambulatoire,Cotonou,Benin
364,ZANNOU D M,ZANNOU,DJIMON M,Univ Abomey Calavi  Fac Sci Sante,Abomey Calavi,Benin
365,JOHNSON R C,JOHNSON,ROCH C,Buruli Ulcer Natl Control Program Cotonou,Cotonou,Benin
366,NACKERS F,NACKERS,FABIENNE,,,
367,NACKERS F,NACKERS,FABIENNE,Catholic Univ Louvain  Epidemiol Unit,Brussels,Belgium
368,GLYNN J R,GLYNN,JUDITH R,,,
369,GLYNN J R,GLYNN,JUDITH R,London Sch Hyg & Trop Med  Infectious Dis Epidemiol Unit,London,England
370,BAKEDANO E D,BAKEDANO,ELISA DE BIURRUN,,,
371,BAKEDANO E D,BAKEDANO,ELISA DE BIURRUN,Inst Trop Med  Dept Microbiol  Mycobacteriol Unit,B-2000 Antwerp,Belgium
372,ZINSOU C,ZINSOU,CLAUDE,Buruli Ulcer Natl Control Program Cotonou,Cotonou,Benin
373,ZINSOU C,ZINSOU,CLAUDE,Ctr Sanitaire & Nutr Gbemoten,Zagnanado,Benin
374,AGUIAR J,AGUIAR,JULIA,,,
375,AGUIAR J,AGUIAR,JULIA,Ctr Sanitaire & Nutr Gbemoten,Zagnanado,Benin
376,TONGLET R,TONGLET,RENE,,,
377,TONGLET R,TONGLET,RENE,Catholic Univ Louvain  Epidemiol Unit,Brussels,Belgium
378,PORTAELS F,PORTAELS,FRANCOISE,,,
379,PORTAELS F,PORTAELS,FRANCOISE,Inst Trop Med  Dept Microbiol  Mycobacteriol Unit,B-2000 Antwerp,Belgium
380,MARGUERITE B N,MARGUERITE,B N,,,
381,AMOUR B A,AMOUR,B A,,,
382,ADITE A,ADITE,A,,,
383,WINEMILLER K O,WINEMILLER,KO,,,
384,FIOGBE E D,FIOGBE,ED,,,
385,WILLIAMS J R,WILLIAMS,JOHN R,Univ London Imperial Coll Sci Technol & Med  Sch Publ Hlth,London,England
386,ALARY M,ALARY,MICHEL,Univ Laval  Fac Med  Dept Med Sociale & Prevent  Ctr Hosp Univ Quebec Unite Rech Sante Populat  Quebec City,PQ G1K 7P4,Canada
387,LOWNDES C M,LOWNDES,CATHERINE M,,,
388,LOWNDES C M,LOWNDES,CATHERINE M,London Sch Hyg & Trop Med,London WC1,England
389,LOWNDES C M,LOWNDES,CATHERINE M,Publ Hlth England  Ctr Infect Dis Surveillance & Control,London,England
390,BEHANZIN L,BEHANZIN,LUC,,,
391,BEHANZIN L,BEHANZIN,LUC,Univ Laval  Fac Med  Dept Med Sociale & Prevent  Ctr Hosp Univ Quebec Unite Rech Sante Populat  Quebec City,PQ G1K 7P4,Canada
392,ANAGONOU S,ANAGONOU,SEVERIN,,,
393,ANAGONOU S,ANAGONOU,SEVERIN,Univ Abomey Calavi  Fac Sci Sante,Cotonou,Benin
394,ANAGONOU S,ANAGONOU,SEVERIN,Ctr Natl Hosp Univ,Cotonou,Benin
395,NDOUR M,NDOUR,MARGUERITE,,,
396,NDOUR M,NDOUR,MARGUERITE,Populat Serv Int,Cotonou,Benin
397,MINANI I,MINANI,ISAAC,,,
398,MINANI I,MINANI,ISAAC,Dispensaire Infect Sexuellement Transmissibles,Cotonou,Benin
399,AHOUSSINOU C,AHOUSSINOU,CLEMENT,,,
400,AHOUSSINOU C,AHOUSSINOU,CLEMENT,Programme Natl Lutte Syndrome Immunodeficience Ac,Cotonou,Benin
401,BOILY M C,BOILY,MARIECLAUDE,,,
402,ABO Y,ABO,YAO,Ctr Hosp Univ CHU Treichville  Programme PAC CI,Abidjan 18,Cote Ivoire
403,ABO Y,ABO,YAO,Ctr Natl Transfus Sanguine  Ctr Med Suivi Donneurs Sang,Abidjan,Cote Ivoire
404,DJIMON M Z,DJIMON,MARCEL ZANNOU,,,
405,DJIMON M Z,DJIMON,MARCEL ZANNOU,Ctr Natl Hosp Univ  Ctr Traitement Ambulatoire,Cotonou,Benin
406,DJIMON M Z,DJIMON,MARCEL ZANNOU,Univ Abomey Calavi,Cotonou,Benin
407,MESSOU E,MESSOU,EUGENE,,,
408,MESSOU E,MESSOU,EUGENE,Univ Bordeaux  ISPED,Bordeaux,France
409,MESSOU E,MESSOU,EUGENE,Ctr Prise Charge Rech & Format Aconda CePReF,Abidjan,Cote Ivoire
410,BALESTRE E,BALESTRE,ERIC,,,
411,BALESTRE E,BALESTRE,ERIC,INSERM  Ctr INSERM Epidemiol Biostat U897,Bordeaux,France
412,BALESTRE E,BALESTRE,ERIC,Univ Bordeaux  ISPED,Bordeaux,France
413,KOUAKOU M,KOUAKOU,MARTIAL,,,
414,KOUAKOU M,KOUAKOU,MARTIAL,Ctr Prise Charge Rech & Format Aconda CePReF,Abidjan,Cote Ivoire
415,AKAKPO J,AKAKPO,JOCELYN,Ctr Natl Hosp Univ  Ctr Traitement Ambulatoire,Cotonou,Benin
416,AHOUADA C,AHOUADA,CARIN,,,
417,AHOUADA C,AHOUADA,CARIN,Ctr Natl Hosp Univ  Ctr Traitement Ambulatoire,Cotonou,Benin
418,DE REKENEIRE N,DE REKENEIRE,NATHALIE,,,
419,DE REKENEIRE N,DE REKENEIRE,NATHALIE,INSERM  Ctr INSERM Epidemiol Biostat U897,Bordeaux,France
420,DE REKENEIRE N,DE REKENEIRE,NATHALIE,Univ Bordeaux  ISPED,Bordeaux,France
421,DABIS F,DABIS,FRANCOIS,,,
422,DABIS F,DABIS,FRANCOIS,INSERM  Ctr INSERM Epidemiol Biostat U897,Bordeaux,France
423,DABIS F,DABIS,FRANCOIS,Univ Bordeaux  ISPED,Bordeaux,France
424,LEWDEN C,LEWDEN,CHARLOTTE,,,
425,LEWDEN C,LEWDEN,CHARLOTTE,INSERM  Ctr INSERM Epidemiol Biostat U897,Bordeaux,France
426,LEWDEN C,LEWDEN,CHARLOTTE,Univ Bordeaux  ISPED,Bordeaux,France
427,MINGA A,MINGA,ALBERT,Ctr Hosp Univ CHU Treichville  Programme PAC CI,Abidjan 18,Cote Ivoire
428,MINGA A,MINGA,ALBERT,Ctr Natl Transfus Sanguine  Ctr Med Suivi Donneurs Sang,Abidjan,Cote Ivoire
429,HSU J,HSU,JUSTINE,London Sch Hyg & Trop Med,London WC1,England
430,ZINSOU C,ZINSOU,CYPRIEN,,,
431,ZINSOU C,ZINSOU,CYPRIEN,Populat Serv Int,Cotonou,Benin
432,PARKHURST J,PARKHURST,JUSTIN,London Sch Hyg & Trop Med,London WC1,England
433,FOYET L,FOYET,LEGER,,,
434,FOYET L,FOYET,LEGER,Populat Serv Int,Cotonou,Benin
435,MUELLER D H,MUELLER,DIRK H,London Sch Hyg & Trop Med,London WC1,England
436,MUELLER D H,MUELLER,DIRK H,KfW German Dev Bank,Frankfurt,Germany
437,LOWNDES C M,LOWNDES,C M,,,
438,GNINTOUNGBE C,GNINTOUNGBE,C,,,
439,BELLEAU M,BELLEAU,M,,,
440,MUKENGE L,MUKENGE,L,,,
441,NDOUR M,NDOUR,M,,,
442,GBAGUIDI A,GBAGUIDI,A,,,
443,BEDARD E,BEDARD,E,,,
444,JOSSOU P,JOSSOU,P,,,
445,LAFIA E,LAFIA,E,,,
446,BAGANIZI E,BAGANIZI,E,,,
447,JOLY J,JOLY,J,,,
448,IBITOKOU S A,IBITOKOU,SAMAD A,Univ Abomey Calavi  CERPAGE  Fac Sci Sante,Abomey Calavi,Benin
449,EZINMEGNON S,EZINMEGNON,SEM,,,
450,LADEKPO R,LADEKPO,RODOLPHE,Univ Abomey Calavi  CERPAGE  Fac Sci Sante,Abomey Calavi,Benin
451,MASSOUGBODJI A,MASSOUGBODJI,ACHILLE,Univ Abomey Calavi  CERPAGE  Fac Sci Sante,Abomey Calavi,Benin
452,COT M,COT,MICHEL,,,
453,COT M,COT,MICHEL,Inst Rech Dev  UMR 216  Mere & Enfant Face Infect Trop,Paris,France
454,LUTY A J F,LUTY,ADRIAN J F,,,
455,LUTY A J F,LUTY,ADRIAN J F,Inst Rech Dev  UMR 216  Mere & Enfant Face Infect Trop,Paris,France
456,NDAM N T,NDAM,NICAISE TUIKUE,,,
457,NDAM N T,NDAM,NICAISE TUIKUE,Inst Rech Dev  UMR 216  Mere & Enfant Face Infect Trop,Paris,France
458,BASHI J,BASHI,J,,,
459,BASHI J,BASHI,J,CHNU  Ctr Prise Charge Personnes Vivant Avec VIH,Cotonou,Benin
460,BALESTRE E,BALESTRE,E,Univ Victor Segalen  INSERM  U897,Bordeaux,France
461,MESSOU E,MESSOU,E,,,
462,MESSOU E,MESSOU,E,ACONDA CePReF,Abidjan,Cote Ivoire
463,MAIGA M,MAIGA,M,,,
464,MAIGA M,MAIGA,M,Hop Gabriel Toure  Serv Hepatogastroenterol,Bamako,Mali
465,COFFIE P A,COFFIE,P A,Univ Victor Segalen  INSERM  U897,Bordeaux,France
466,COFFIE P A,COFFIE,P A,Bur Reg leDEA W Africa  Programme PACCI,Abidjan,Cote Ivoire
467,ZANNOU D M,ZANNOU,D M,,,
468,ZANNOU D M,ZANNOU,D M,CHNU  Ctr Prise Charge Personnes Vivant Avec VIH,Cotonou,Benin
469,BAGOMIS O,BAGOMIS,O,,,
470,TRAORE H A,TRAORE,H A,,,
471,TRAORE H A,TRAORE,H A,Hop point G  Ctr Prise Charge Personnes Vivant Avec VIH,Bamako,Mali
472,EHOLIE S,EHOLIE,S,,,
473,EHOLIE S,EHOLIE,S,CHU Treichville  SMIT,Abidjan,Cote Ivoire
474,MINGA A,MINGA,A,,,
475,MINGA A,MINGA,A,Ctr Med Suivi Donneurs Sang CNTS,Abidjan,Cote Ivoire
476,SOW P S,SOW,P S,,,
477,SOW P S,SOW,P S,CHU FANN ISAARV  Serv Malad Infect,Dakar,Senegal
478,BISSAGNENE E,BISSAGNENE,E,,,
479,BISSAGNENE E,BISSAGNENE,E,CHU Treichville  SMIT,Abidjan,Cote Ivoire
480,DABIS F,DABIS,F,Univ Victor Segalen  INSERM  U897,Bordeaux,France
481,EKOUEVI D K,EKOUEVI,D K,Univ Victor Segalen  INSERM  U897,Bordeaux,France
482,EKOUEVI D K,EKOUEVI,D K,Bur Reg leDEA W Africa  Programme PACCI,Abidjan,Cote Ivoire
483,DICKO F,DICKO,FATOUMATA,Univ Gabriel Toure  Ctr Hosp  Serv Pediat,Bamako,Mali
484,DESMONDE S,DESMONDE,SOPHIE,,,
485,DESMONDE S,DESMONDE,SOPHIE,Univ Bordeaux  INSERM  Ctr Inserm U897,Bordeaux,France
486,DESMONDE S,DESMONDE,SOPHIE,Univ Bordeaux  ISPED  Ctr Inserm U897,Bordeaux,France
487,KOUMAKPAI S,KOUMAKPAI,SIKIRATOU,Ctr Natl Hosp Univ  Serv Pediat,Cotonou,Benin
488,DIORMBODJ H,DIORMBODJ,HELENE,,,
489,KOUETA F,KOUETA,FLA,Hop Gen Gaulle  Serv Pediat,Ouagadougou,Burkina Faso
490,BAETA N,BAETA,NOVISI,,,
491,BAETA N,BAETA,NOVISI,Korle Bu Teaching Hosp,Accra,Ghana
492,KONE N,KONE,NIABOULA,Univ Gabriel Toure  Ctr Hosp  Serv Pediat,Bamako,Mali
493,AKAKPO J,AKAKPO,JOCELYN,Ctr Natl Hosp Univ  Serv Pediat,Cotonou,Benin
494,YE D,YE,DIARRA,,,
495,YE D,YE,DIARRA,Hop Gen Gaulle  Serv Pediat,Ouagadougou,Burkina Faso
496,RENNER L,RENNER,LORNA,Korle Bu Teaching Hosp,Accra,Ghana
497,LEWDEN C,LEWDEN,CHARLOTTE,Univ Bordeaux  INSERM  Ctr Inserm U897,Bordeaux,France
498,LEWDEN C,LEWDEN,CHARLOTTE,Univ Bordeaux  ISPED  Ctr Inserm U897,Bordeaux,France
499,LEROY V,LEROY,VALERIANE,Univ Bordeaux  INSERM  Ctr Inserm U897,Bordeaux,France
500,LEROY V,LEROY,VALERIANE,Univ Bordeaux  ISPED  Ctr Inserm U897,Bordeaux,France
501,JAQUET A,JAQUET,ANTOINE,Univ Bordeaux  ISPED  Ctr Epidemiol Biostat  INSERM U897,Bordeaux,France
502,EKOUEVI D K,EKOUEVI,DIDIER K,Univ Bordeaux  ISPED  Ctr Epidemiol Biostat  INSERM U897,Bordeaux,France
503,AKAKPO J,AKAKPO,JOCELYN,CNHU Cotonou  Ctr Prise Charge Personnes Vivant Avec VIH,Benin,Nigeria
504,ADOUBI I,ADOUBI,INNOCENT,,,
505,ADOUBI I,ADOUBI,INNOCENT,CHU Treichville  Serv Cancerol,Abidjan,Cote Ivoire
506,DIOMANDE I,DIOMANDE,ISIDORE,,,
507,DIOMANDE I,DIOMANDE,ISIDORE,CHU Cocody  Lab Cytol & Anatomopathol,Abidjan,Cote Ivoire
508,HOUNGBE F,HOUNGBE,FABIEN,CNHU  Serv Med Interne,Cotonou,Benin
509,ZANNOU M D,ZANNOU,MARCEL D,CNHU Cotonou  Ctr Prise Charge Personnes Vivant Avec VIH,Benin,Nigeria
510,ZANNOU M D,ZANNOU,MARCEL D,CNHU  Serv Med Interne,Cotonou,Benin
511,SASCO A J,SASCO,ANNIE J,Univ Bordeaux  ISPED  Ctr Epidemiol Biostat  INSERM U897,Bordeaux,France
512,DABIS F,DABIS,FRANCOIS,Univ Bordeaux  ISPED  Ctr Epidemiol Biostat  INSERM U897,Bordeaux,France
513,DRYLEWICZ J,DRYLEWICZ,JULIA,,,
514,DRYLEWICZ J,DRYLEWICZ,JULIA,INSERM  U897,F-33076 Bordeaux,France
515,EHOLIE S,EHOLIE,SERGE,,,
516,EHOLIE S,EHOLIE,SERGE,CHU Treichville  SMIT,Abidjan,Cote Ivoire
517,MAIGA M,MAIGA,MOUSSA,,,
518,MAIGA M,MAIGA,MOUSSA,Hop Gabriel Toure  Serv Hepatogastroenterol,Bamako,Mali
519,ZANNOU D M,ZANNOU,DJIMON MARCEL,Ctr Hosp Univ CHNU  Ctr Prise Charge Personnes Vivant Avec VIH PVVIH,Cotonou,Benin
520,SOW P S,SOW,PAPA SALIF,,,
521,SOW P S,SOW,PAPA SALIF,CHU Fann  SMIT,Dakar,Senegal
522,EKOUEVI D K,EKOUEVI,DIDIER K,,,
523,EKOUEVI D K,EKOUEVI,DIDIER K,INSERM  U897,F-33076 Bordeaux,France
524,EKOUEVI D K,EKOUEVI,DIDIER K,CHU Treichville  Programme PAC CI,Abidjan,Cote Ivoire
525,PETERSON K,PETERSON,KEVIN,,,
526,PETERSON K,PETERSON,KEVIN,MRC,Banjul,Gambia
527,DABIS F,DABIS,FRANCOIS,INSERM  U897,F-33076 Bordeaux,France
528,THIEBAUT R,THIEBAUT,RODOLPHE,Univ Bordeaux 2  ISPED  INSERM Epidemiol & Biostat U897,F-33076 Bordeaux,France
529,THIEBAUT R,THIEBAUT,RODOLPHE,INSERM  U897,F-33076 Bordeaux,France
530,HOUNTON S H,HOUNTON,SENNEN HOUESSEY,Ctr MURAZ  HIV RH,Bobo Dioulasso,Burkina Faso
531,HOUNTON S H,HOUNTON,SENNEN HOUESSEY,Univ Aberdeen,Aberdeen,Scotland
532,AKONDE A,AKONDE,ALAIN,PNLS,Cotonou,Benin
533,ZANNOU D M,ZANNOU,DJIMON MARCEL,PNLS,Cotonou,Benin
534,BASHI J,BASHI,JULES,PNLS,Cotonou,Benin
535,MEDA N,MEDA,NICOLAS,Ctr MURAZ  HIV RH,Bobo Dioulasso,Burkina Faso
536,NEWLANDS D,NEWLANDS,DAVID,,,
537,NEWLANDS D,NEWLANDS,DAVID,Univ Aberdeen,Aberdeen,Scotland
538,BATONA G,BATONA,G,Univ Laval  Quebec City,PQ,Canada
539,SEMINI I,SEMINI,I,,,
540,SEMINI I,SEMINI,I,World Bank,Washington,WA USA
541,GAGNON M,GAGNON,M,Univ Laval  Quebec City,PQ,Canada
542,GUEDOU F,GUEDOU,F,,,
543,GUEDOU F,GUEDOU,F,Dispensaire IST,Cotonou,Benin
544,ALARY M,ALARY,M,Univ Laval  Quebec City,PQ,Canada
545,ALARY M,ALARY,M,CHU Quebec  Quebec City,PQ,Canada
546,ARRIVE E,ARRIVE,ELISE,,,
547,MARQUIS B,MARQUIS,BENOIT,Inst Sante Publ & Dev ISPED  INSERM  U897,Bordeaux,France
548,TIMWESIGYE N,TIMWESIGYE,NATHAN,,,
549,TIMWESIGYE N,TIMWESIGYE,NATHAN,African Network Care Children Affected AIDS,Kampala,Uganda
550,BRINKHOF M W G,BRINKHOF,MARTIN W G,,,
551,BRINKHOF M W G,BRINKHOF,MARTIN W G,Univ Bern  Dept Social & Prevent Med,CH-3012 Bern,Switzerland
552,FASSINOU P,FASSINOU,PATRICIA,,,
553,FASSINOU P,FASSINOU,PATRICIA,Univ Yopougon  Ctr Hosp,Abidjan,Cote Ivoire
554,COTTON M,COTTON,MARK,,,
555,COTTON M,COTTON,MARK,Tygerberg Childrens Hosp,Cape Town,South Africa
556,WEMIN L,WEMIN,LOUISE,,,
557,WEMIN L,WEMIN,LOUISE,ACONDA  Ctr Prise Charge Rech & Format CEPREF Enfants,Abidjan,Cote Ivoire
558,BOULLE A,BOULLE,ANDREW,,,
559,BOULLE A,BOULLE,ANDREW,Khayelitsha Hosp,Cape Town,South Africa
560,HOLLAND M,HOLLAND,MARGARET,,,
561,HOLLAND M,HOLLAND,MARGARET,Connaught Clin,Harare,Zimbabwe
562,KARIYO P,KARIYO,PIERRE,,,
563,KARIYO P,KARIYO,PIERRE,ANSS,Bujumbura,Burundi
564,AVEIKA A,AVEIKA,AKUM,,,
565,AVEIKA A,AVEIKA,AKUM,MRC,Fajara,Gambia
566,AZONDEKON A,AZONDEKON,ALAIN,UPEIV  Hop Intruct Armees,Cotonou,Benin
567,CARTER R,CARTER,ROSALIND,,,
568,CARTER R,CARTER,ROSALIND,Columbia Univ  MTCT Plus Network,New York,USA
569,KIEFFER M P,KIEFFER,MAIYPAT,,,
570,NAMALE L,NAMALE,LETICIA,,,
571,NAMALE L,NAMALE,LETICIA,ANECCA,Kampala,Uganda
572,NEWELL M L,NEWELL,MARIELOUISE,,,
573,MBORINGACHA D,MBORINGACHA,DOROTHY,,,
574,ATADOKPEDE F,ATADOKPEDE,F,Hop Instruct Armees,Cotonou,Benin
575,ADEGBIDI H,ADEGBIDI,H,,,
576,ADEGBIDI H,ADEGBIDI,H,Natl Teaching Hosp Hubert Koutoukou Maga  Dept Dermatol Venereol,Cotonou,Benin
577,SEHONOU J J,SEHONOU,J J,Hop Instruct Armees,Cotonou,Benin
578,KOUDOUKPO C,KOUDOUKPO,C,,,
579,KOUDOUKPO C,KOUDOUKPO,C,Teaching Hosp Parakou  Dept Dermatol Venereol,Parakou,Benin
580,HOUENASSI D M,HOUENASSI,D M,Hop Instruct Armees,Cotonou,Benin
581,YEDOMON H G,YEDOMON,H G,,,
582,YEDOMON H G,YEDOMON,H G,Natl Teaching Hosp Hubert Koutoukou Maga  Dept Dermatol Venereol,Cotonou,Benin
583,DO ANGOPADONOU F,DO ANGOPADONOU,F,,,
584,AHOUADA C,AHOUADA,C,,,
585,ZANNOU M D,ZANNOU,M D,,,
586,GOUGOUNON A,GOUGOUNON,A,,,
587,AKAKPO J,AKAKPO,J,,,
588,ZINSOU R,ZINSOU,R,,,
589,DALMEIDA C,DALMEIDA,C,,,
590,AHOMADEGBE C,AHOMADEGBE,C,,,
591,AZONKOUANOU A,AZONKOUANOU,A,,,
592,GABILLARD D,GABILLARD,DELPHINE,INSERM  U897,Bordeaux,France
593,GABILLARD D,GABILLARD,DELPHINE,Univ Bordeaux  ISPED,Bordeaux,France
594,LEWDEN C,LEWDEN,CHARLOTTE,INSERM  U897,Bordeaux,France
595,NDOYE I,NDOYE,IBRA,,,
596,NDOYE I,NDOYE,IBRA,Minist Hlth  Natl AIDS Programme,Dakar,Senegal
597,MOH R,MOH,RAOUL,,,
598,MOH R,MOH,RAOUL,Programme PACCI,Abidjan,Cote Ivoire
599,SEGERAL O,SEGERAL,OLIVIER,,,
600,SEGERAL O,SEGERAL,OLIVIER,Hop Bicetre  Dept Clin Immunol,Le Kremlin Bicetre,France
601,SEGERAL O,SEGERAL,OLIVIER,ESTHER Calmette Hosp,Phnom Penh,Cambodia
602,TONWEGOLD B,TONWEGOLD,BESIGIN,,,
603,ETARD J F,ETARD,JEANFRANCOIS,,,
604,PAGNAROAT M,PAGNAROAT,MEN,,,
605,PAGNAROAT M,PAGNAROAT,MEN,Sharing Experience Adapted Dev,Phnom Penh,Cambodia
606,FOURNIERNICOLLE I,FOURNIERNICOLLE,ISABELLE,,,
607,EHOLIE S,EHOLIE,SERGE,Programme PACCI,Abidjan,Cote Ivoire
608,KONATE I,KONATE,ISSOUF,,,
609,KONATE I,KONATE,ISSOUF,Ctr Muraz,Bobo Dioulasso,Burkina Faso
610,MINGA A,MINGA,ALBERT,Programme PACCI,Abidjan,Cote Ivoire
611,MPOUDINGOLE E,MPOUDINGOLE,EITEL,,,
612,KOULLASHIRO S,KOULLASHIRO,SINATA,,,
613,ZANNOU D M,ZANNOU,DJIMON MARCEL,Ctr Natl Hosp Univ Cotonou,Cotonou,Benin
614,ANGLARET X,ANGLARET,XAVIER,INSERM  U897,Bordeaux,France
615,ANGLARET X,ANGLARET,XAVIER,Univ Bordeaux  ISPED,Bordeaux,France
616,ANGLARET X,ANGLARET,XAVIER,Programme PACCI,Abidjan,Cote Ivoire
617,LAURENT C,LAURENT,CHRISTIAN,,,
618,LAURENT C,LAURENT,CHRISTIAN,Univ Montpellier I  Inst Rech Dev  UMI 233,Montpellier,France
619,JAQUET A,JAQUET,ANTOINE,Univ Victor Segalen  ISPED  INSERM  CRE U897,Bordeaux,France
620,EKOUEVI D K,EKOUEVI,DIDIER K,Univ Victor Segalen  ISPED  INSERM  CRE U897,Bordeaux,France
621,BASHI J,BASHI,JULES,CHNU  Ctr Prise Charge Personnes Vivant Avec VIH,Cotonou,Benin
622,ABOUBAKRINE M,ABOUBAKRINE,MAIGA,,,
623,ABOUBAKRINE M,ABOUBAKRINE,MAIGA,Hop Gabriel Toure  Serv Hepatogastroenterol,Bamako,Mali
624,MESSOU E,MESSOU,EUGENE,ACONDA  CePReF,Abidjan,Cote Ivoire
625,TRAORE H A,TRAORE,HAMAR ALASSANE,,,
626,TRAORE H A,TRAORE,HAMAR ALASSANE,Hop Point G  Ctr Prise Charge Personnes Vivant Avec VIH,Bamako,Mali
627,ZANNOU M D,ZANNOU,MARCEL DJIMON,,,
628,ZANNOU M D,ZANNOU,MARCEL DJIMON,CHNU  Ctr Prise Charge Personnes Vivant Avec VIH,Cotonou,Benin
629,GUEHI C,GUEHI,CALIXTE,,,
630,GUEHI C,GUEHI,CALIXTE,USAC,Abidjan,Cote Ivoire
631,BAGOMIS F O,BAGOMIS,FRANCK OLIVIER,,,
632,MINGA A,MINGA,ALBERT,PRIMO CI  CNTS  Ctr Med Suivi Donneurs Sang,Abidjan,Cote Ivoire
633,ALLOU G,ALLOU,GERARD,,,
634,ALLOU G,ALLOU,GERARD,CHU Treichville  Programme PAC CI,Abidjan,Cote Ivoire
635,EHOLIE S P,EHOLIE,SERGE PAUL,,,
636,EHOLIE S P,EHOLIE,SERGE PAUL,CHU Treichville  Serv Malad Infect & Trop,Abidjan,Cote Ivoire
637,BISSAGNENE E,BISSAGNENE,EMMANUEL,CHU Treichville  Serv Malad Infect & Trop,Abidjan,Cote Ivoire
638,SASCO A J,SASCO,ANNIE J,Univ Victor Segalen  ISPED  INSERM  CRE U897,Bordeaux,France
639,DABIS F,DABIS,FRANCOIS,Univ Victor Segalen  ISPED  INSERM  CRE U897,Bordeaux,France
640,CAPOCHICHI C D,CAPOCHICHI,CALLINICE D,,,
641,AGUIDA B,AGUIDA,BLANCHE,Univ Abomey Calavi  Mol Biomarkers Canc & Nutr BMCN  Unit Biochem & Mol Biol UBBM  Inst Biomed Sci & Applicat ISBA Fac Sci & Technol  04BP488,Cotonou,Benin
642,CHABI N W,CHABI,NICODEME W,Univ Abomey Calavi  Mol Biomarkers Canc & Nutr BMCN  Unit Biochem & Mol Biol UBBM  Inst Biomed Sci & Applicat ISBA Fac Sci & Technol  04BP488,Cotonou,Benin
643,ACAPKOEZIN J,ACAPKOEZIN,JOCELYN,,,
644,SOSSAHHIFFO J,SOSSAHHIFFO,JONAS,,,
645,AGOSSOU V K,AGOSSOU,VIDEHOUENOU K,Natl Univ Hosp CNHU HKM,Cotonou,Benin
646,ANAGBLA T,ANAGBLA,TOUSSAIN,,,
647,ANAGBLA T,ANAGBLA,TOUSSAIN,Hosp Menontin  BP 160,Cotonou,Benin
648,ZANNOU M,ZANNOU,MARCEL,,,
649,ZANNOU M,ZANNOU,MARCEL,Natl Univ Hosp CNHU HKM,Cotonou,Benin
650,HOUNGBE F,HOUNGBE,FABIEN,Natl Univ Hosp CNHU HKM,Cotonou,Benin
651,SANNI A,SANNI,AMBALIOU,Univ Abomey Calavi  Mol Biomarkers Canc & Nutr BMCN  Unit Biochem & Mol Biol UBBM  Inst Biomed Sci & Applicat ISBA Fac Sci & Technol  04BP488,Cotonou,Benin
652,GLYNN J R,GLYNN,JR,,,
653,CARAEL M,CARAEL,M,,,
654,BUVE A,BUVE,A,,,
655,ZEKENG L,ZEKENG,L,,,
656,KAHINDO M,KAHINDO,M,,,
657,MUSONDA R,MUSONDA,R,,,
658,WILLIAMS J,WILLIAMS,J,Univ London Imperial Coll Sci Technol & Med,London,England
659,BOILY M C,BOILY,M C,Univ London Imperial Coll Sci Technol & Med,London,England
660,LOWNDES C,LOWNDES,C,,,
661,LOWNDES C,LOWNDES,C,Hlth Protect Agcy,London,England
662,CAMDEN S,CAMDEN,S,,,
663,CAMDEN S,CAMDEN,S,Univ Quebec CHA  Ctr Hosp Affilie  Quebec City,PQ,Canada
664,DEMERS E,DEMERS,E,,,
665,DEMERS E,DEMERS,E,Univ Quebec CHA  Ctr Hosp Affilie  Quebec City,PQ,Canada
666,MINANI I,MINANI,I,,,
667,MINANI I,MINANI,I,Dispensaire IST,Cotonou,Benin
668,ZANNOU M,ZANNOU,M,,,
669,ZANNOU M,ZANNOU,M,Dispensaire IST,Cotonou,Benin
670,LABBE A C,LABBE,A C,,,
671,LABBE A C,LABBE,A C,Ctr Natl Hosp Univ,Cotonou,Benin
672,LABBE A C,LABBE,A C,Hop Maison Neuve Rosemont  Montreal,PQ,Canada
673,ALARY M,ALARY,M,Univ Quebec CHA  Ctr Hosp Affilie  Quebec City,PQ,Canada
674,ZONGO M,ZONGO,MAHAMOUD,Ctr Hosp Pneumophtisiol Akron  CRADES Ctr Rech & Appui Dev Sante Base,Benin,Nigeria
675,ZONGO M,ZONGO,MAHAMOUD,Ctr Hosp Pneumophtisiol Akron  Med Serv,Benin,Nigeria
676,CAPOCHICHI J,CAPOCHICHI,JUSTINE,,,
677,CAPOCHICHI J,CAPOCHICHI,JUSTINE,Inst Reg Sante Publ,Benin,Nigeria
678,GANDAHO P,GANDAHO,PROSPER,,,
679,GANDAHO P,GANDAHO,PROSPER,Univ Parakou,Benin,Nigeria
680,COPPIETERS Y,COPPIETERS,YVES,,,
681,COPPIETERS Y,COPPIETERS,YVES,Univ Libre Bruxelles  Ecole Sante Publ  Dept Epidemiol & Promot Sante,B-1070 Brussels,Belgium
682,CLELAND J G,CLELAND,JG,,,
683,ALI M M,ALI,MM,,,
684,CAPOCHICHI V,CAPOCHICHI,V,,,
685,BATRAVILLE L A,BATRAVILLE,LAURIEANNE,,,
686,RICHARD J,RICHARD,JONATHAN,CRCHUM  Montreal,PQ H2X 0A9,Canada
687,RICHARD J,RICHARD,JONATHAN,Univ Montreal  Dept Microbiol Infectiol & Immunol  Montreal,PQ,Canada
688,VEILLETTE M,VEILLETTE,MAXIME,CRCHUM  Montreal,PQ H2X 0A9,Canada
689,VEILLETTE M,VEILLETTE,MAXIME,Univ Montreal  Dept Microbiol Infectiol & Immunol  Montreal,PQ,Canada
690,ALARY M,ALARY,MICHEL,CHU Quebec  Ctr Rech  Quebec City,PQ,Canada
691,GUEDOU F,GUEDOU,FERNAND,,,
692,GUEDOU F,GUEDOU,FERNAND,Dispensaire IST,Cotonou,Benin
693,KAUFMANN D E,KAUFMANN,DANIEL E,CRCHUM  Montreal,PQ H2X 0A9,Canada
694,KAUFMANN D E,KAUFMANN,DANIEL E,Ragon Inst MGH MIT & Harvard,Cambridge,USA
695,POUDRIER J,POUDRIER,JOHANNE,CRCHUM  Montreal,PQ H2X 0A9,Canada
696,POUDRIER J,POUDRIER,JOHANNE,Univ Montreal  Dept Microbiol Infectiol & Immunol  Montreal,PQ,Canada
697,FINZI A,FINZI,ANDRES,CRCHUM  Montreal,PQ H2X 0A9,Canada
698,FINZI A,FINZI,ANDRES,Univ Montreal  Dept Microbiol Infectiol & Immunol  Montreal,PQ,Canada
699,FINZI A,FINZI,ANDRES,McGill Univ  Dept Microbiol & Immunol  Montreal,PQ,Canada
700,ROGER M,ROGER,MICHEL,CRCHUM  Montreal,PQ H2X 0A9,Canada
701,ROGER M,ROGER,MICHEL,Univ Montreal  Dept Microbiol Infectiol & Immunol  Montreal,PQ,Canada
702,ALARY M,ALARY,MICHEL,CHU Quebec  Ctr Rech  URESP  Quebec City,PQ,Canada
703,LOWNDES C M,LOWNDES,CATHERINE M,CHU Quebec  Ctr Rech  URESP  Quebec City,PQ,Canada
704,LOWNDES C M,LOWNDES,CATHERINE M,Hlth Protect Agcy,London,England
705,VAN DE PERRE P,VAN DE PERRE,PHILIPPE,,,
706,VAN DE PERRE P,VAN DE PERRE,PHILIPPE,Univ Montpellier I  INSERM  U1058,Montpellier,France
707,BEHANZIN L,BEHANZIN,LUC,CHU Quebec  Ctr Rech  URESP  Quebec City,PQ,Canada
708,BEHANZIN L,BEHANZIN,LUC,Univ Laval  Dept Med Sociale & Prevent  Quebec City,PQ,Canada
709,BATONA G,BATONA,GEORGES,CHU Quebec  Ctr Rech  URESP  Quebec City,PQ,Canada
710,BATONA G,BATONA,GEORGES,Dispensaire IST,Cotonou,Benin
711,GUEDOU F A,GUEDOU,FERNAND A,CHU Quebec  Ctr Rech  URESP  Quebec City,PQ,Canada
712,GUEDOU F A,GUEDOU,FERNAND A,Dispensaire IST,Cotonou,Benin
713,TRAORE I,TRAORE,ISIDORE,,,
714,TRAORE I,TRAORE,ISIDORE,Univ Ouagadougou  Ctr Rech Int Sante,Ouagadougou,Burkina Faso
715,ASAMOAHADU C,ASAMOAHADU,COMFORT,,,
716,AKINOCHO E,AKINOCHO,EVELYNE,,,
717,AKINOCHO E,AKINOCHO,EVELYNE,Programme Natl Lutte Sida & Les IST,Cotonou,Benin
718,NAGOT N,NAGOT,NICOLAS,,,
719,NAGOT N,NAGOT,NICOLAS,Univ Montpellier I  INSERM  U1058,Montpellier,France
720,BALDRICHRUBIO E,BALDRICHRUBIO,E,,,
721,STIRRUPS K,STIRRUPS,K,,,
722,CANDOTTI D,CANDOTTI,D,,,
723,LEE H,LEE,H,,,
724,ALLAIN J P,ALLAIN,JP,,,
725,BEHANZIN L,BEHANZIN,LUC,Univ Quebec  Ctr Rech FRSQ CHA  URESP  Quebec City,PQ,Canada
726,DIABATE S,DIABATE,SOULEYMANE,Univ Quebec  Ctr Rech FRSQ CHA  URESP  Quebec City,PQ,Canada
727,MINANI I,MINANI,ISAAC,Dispensaire IST,Cotonou,Benin
728,LOWNDES C M,LOWNDES,CATHERINE M,Univ Quebec  Ctr Rech FRSQ CHA  URESP  Quebec City,PQ,Canada
729,BUVE A,BUVE,ANNE,,,
730,BUVE A,BUVE,ANNE,Inst Trop Med  Unit Epidemiol & Control HIV STD,B-2000 Antwerp,Belgium
731,ALARY M,ALARY,MICHEL,Univ Quebec  Ctr Rech FRSQ CHA  URESP  Quebec City,PQ,Canada
732,BEHANZIN L,BEHANZIN,L,Univ Quebec  Ctr Hosp Affilie  Quebec City,PQ,Canada
733,BUVE A,BUVE,A,Inst Trop Med,B-2000 Antwerp,Belgium
734,LOWNDES C M,LOWNDES,C M,Hlth Protect Agcy,London,England
735,ZANNOU D M,ZANNOU,D M,Univ Abomey Calavi  Fac Sci Sante Cotonou,Cotonou,Benin
736,ANAGONOU S,ANAGONOU,S,Univ Abomey Calavi  Fac Sci Sante,Cotonou,Benin
737,BOILY M C,BOILY,M C,,,
738,BITERA R,BITERA,R,Univ Quebec  Ctr Hosp Affilie  Quebec City,PQ,Canada
739,ALARY M,ALARY,M,Univ Quebec  Ctr Hosp Affilie  Quebec City,PQ,Canada
740,CODJO K A,CODJO,K ADOLPHE,,,
741,MISTOURATH S S,MISTOURATH,S S,,,
742,BATONA G,BATONA,G,Univ Laval  Unite Rech Sante Populat URESP  Quebec City,PQ,Canada
743,MICHEL A,MICHEL,A,,,
744,MICHEL A,MICHEL,A,Univ Laval  URESP CHA  Quebec City,PQ,Canada
745,RENE K,RENE,K,,,
746,RENE K,RENE,K,Programme Natl Lutte IST Sida Benin,Cotonou,Benin
747,MARIE G,MARIE,G,,,
748,EVELYNE A,EVELYNE,A,,,
749,EVELYNE A,EVELYNE,A,Programme Natl Lutte IST Sida Benin,Cotonou,Benin
750,CLEMENT A,CLEMENT,A,,,
751,CLEMENT A,CLEMENT,A,Programme Natl Lutte IST Sida Benin,Cotonou,Benin
752,KAMAYE I M,KAMAYE,I M,,,
753,KAMAYE I M,KAMAYE,I M,Programme Natl Lutte IST Sida Niger,Niamey,Niger
754,HASSANE D,HASSANE,D,,,
755,HASSANE D,HASSANE,D,Programme Natl Lutte IST Sida Niger,Niamey,Niger
756,DOVONOU C A,DOVONOU,COMLAN ALBERT,CHU Parakou  Serv Med Interne,Parakou,Benin
757,DOVONOU C A,DOVONOU,COMLAN ALBERT,CHU Parakou  Dept Med & Specialites Med  Fac Med,Parakou,Benin
758,AMIDOU S A,AMIDOU,SALIMANOU ARIYOH,CHU Parakou  Serv Med Interne,Parakou,Benin
759,AMIDOU S A,AMIDOU,SALIMANOU ARIYOH,Ctr Informat Prospect & Conseils IST VIH Sida,Parakou,Benin
760,KPANGON A A,KPANGON,AMADOHOUE ARSENE,CHU Parakou  Serv Med Interne,Parakou,Benin
761,TRAORE Y A,TRAORE,YACOUBOU ADAM,CHU Parakou  Serv Med Interne,Parakou,Benin
762,GODJEDO T P M,GODJEDO,TOGBEMABOU PRIMOUS MARTIAL,,,
763,GODJEDO T P M,GODJEDO,TOGBEMABOU PRIMOUS MARTIAL,Ctr Informat Prospect & Conseils IST VIH Sida,Parakou,Benin
764,SATONDJI A J,SATONDJI,ASSONGBA JOSEPH,,,
765,SATONDJI A J,SATONDJI,ASSONGBA JOSEPH,Ctr Informat Prospect & Conseils IST VIH Sida,Parakou,Benin
766,WACHINOU A P,WACHINOU,ABLO PRUDENCE,,,
767,WACHINOU A P,WACHINOU,ABLO PRUDENCE,Programme Natl Lutte TB,Cotonou,Benin
768,ISSADJIBRIL F M,ISSADJIBRIL,FATIOULAYE MAHAMADI,,,
769,FOURN L,FOURN,LEONARD,,,
770,FOURN L,FOURN,LEONARD,Fac Sci Sante Cotonou  Dept Sante Publ,Benin,Nigeria
771,ZANNOU D M,ZANNOU,DJIMON MARCEL,CNHU HKM Cotonou  Clin Univ Med Interne,Benin,Nigeria
772,GANDAHO P,GANDAHO,PROSPER,CHU Parakou  Dept Med & Specialites Med  Fac Med,Parakou,Benin
773,GANDAHO P,GANDAHO,PROSPER,CHU Parakou  Serv Psychiat,Parakou,Benin
774,BEHANZIN L,BEHANZIN,LUC,CHA Univ Quebec  Ctr Rech FRQS CHA  Unite Rech Sante Populat  Quebec City,PQ,Canada
775,BEHANZIN L,BEHANZIN,LUC,Univ Laval  Dept Social & Prevent Med  Quebec City,PQ,Canada
776,DIABATE S,DIABATE,SOULEYMANE,CHA Univ Quebec  Ctr Rech FRQS CHA  Unite Rech Sante Populat  Quebec City,PQ,Canada
777,DIABATE S,DIABATE,SOULEYMANE,Univ Laval  Dept Social & Prevent Med  Quebec City,PQ,Canada
778,AHOUSSINOU C,AHOUSSINOU,CLEMENT,Programme Natl Lutte Sida & IST Benin,Cotonou,Benin
779,ANAGONOU S,ANAGONOU,SEVERIN,Ctr Natl Hosp Univ  Dept Med Interne,Cotonou,Benin
780,ZANNOU D M,ZANNOU,DJIMON M,Ctr Natl Hosp Univ  Dept Med Interne,Cotonou,Benin
781,LOWNDES C M,LOWNDES,CATHERINE M,CHA Univ Quebec  Ctr Rech FRQS CHA  Unite Rech Sante Populat  Quebec City,PQ,Canada
782,ALARY M,ALARY,MICHEL,CHA Univ Quebec  Ctr Rech FRQS CHA  Unite Rech Sante Populat  Quebec City,PQ,Canada
783,ALARY M,ALARY,MICHEL,Inst Natl Sante Publ Quebec  Direct Risques Biol & Environm  Quebec City,PQ,Canada
784,SEMINI I,SEMINI,IRIS,World Bank,Washington,USA
785,BATONA G,BATONA,GEORGES,,,
786,BATONA G,BATONA,GEORGES,URESP  CHU Quebec  Ctr Rech  Quebec City,PQ,Canada
787,BATONA G,BATONA,GEORGES,Univ Laval  Fac Sci Infirm  Quebec City,PQ,Canada
788,LAFRANCE C,LAFRANCE,CHRISTIAN,,,
789,LAFRANCE C,LAFRANCE,CHRISTIAN,URESP  CHU Quebec  Ctr Rech  Quebec City,PQ,Canada
790,KESSOU L,KESSOU,LEON,,,
791,GBEDJI E,GBEDJI,EUGENE,,,
792,ANANI H,ANANI,HUBERT,,,
793,ANANI H,ANANI,HUBERT,Dispensaire IST,Cotonou,Benin
794,ALARY M,ALARY,MICHEL,URESP  CHU Quebec  Ctr Rech  Quebec City,PQ,Canada
795,LEWDEN C,LEWDEN,CHARLOTTE,Univ Bordeaux  ISPED  Ctr INSERM U897,F-33076 Bordeaux,France
796,LEWDEN C,LEWDEN,CHARLOTTE,INSERM  Ctr INSERM U897,Bordeaux,France
797,DRABO Y J,DRABO,YOUSSOUFOU J,,,
798,DRABO Y J,DRABO,YOUSSOUFOU J,Univ Hosp Yalgado Ouedraogo  Dept Internal Med,Ouagadougou,Burkina Faso
799,ZANNOU D M,ZANNOU,DJIMON M,Ctr Natl Hosp,Cotonou,Benin
800,ZANNOU D M,ZANNOU,DJIMON M,Univ Hubert Koutoukou Maga  Serv Med Interne,Cotonou,Benin
801,MAIGA M Y,MAIGA,MOUSSA Y,,,
802,MAIGA M Y,MAIGA,MOUSSA Y,Hop Gabriel Toure  Serv Hepatogastroenterol,Bamako,Mali
803,MINTA D K,MINTA,DAOUDA K,,,
804,MINTA D K,MINTA,DAOUDA K,Hop Point G  Serv Malad Infect,Bamako,Mali
805,SOW P S,SOW,PAPA S,,,
806,SOW P S,SOW,PAPA S,Fann Univ Hosp  Dept Infect Dis,Dakar,Senegal
807,AKAKPO J,AKAKPO,JOCELYN,Ctr Natl Hosp,Cotonou,Benin
808,AKAKPO J,AKAKPO,JOCELYN,Univ Hubert Koutoukou Maga  Serv Med Interne,Cotonou,Benin
809,DABIS F,DABIS,FRANCOIS,Univ Bordeaux  ISPED  Ctr INSERM U897,F-33076 Bordeaux,France
810,DABIS F,DABIS,FRANCOIS,INSERM  Ctr INSERM U897,Bordeaux,France
811,EHOLIE S P,EHOLIE,SERGE P,Treichville Univ Hosp  Dept Infect Dis,Abidjan,Cote Ivoire
812,FOURCADE C,FOURCADE,CAMILLE,Univ Paris 05,Paris,France
813,OGOUYEMIHOUNTO A,OGOUYEMIHOUNTO,AURORE,,,
814,DALMEIDA M,DALMEIDA,MARCELLINE,,,
815,AZONDEKON A,AZONDEKON,ALAIN,Hop Instruct Armees  Serv Pediat,Cotonou,Benin
816,ALAO M J,ALAO,MAROUF J,,,
817,ALAO M J,ALAO,MAROUF J,Hop Mere & Enfant Lagune  Serv Pediat,Cotonou,Benin
818,DOSSOUGBETE V,DOSSOUGBETE,VERONIQUE,,,
819,EKOUEVI D K,EKOUEVI,DIDIER K,Univ Bordeaux 2  INSERM  U89,F-33076 Bordeaux,France
820,EKOUEVI D K,EKOUEVI,DIDIER K,Univ Bordeaux 2  ISPED,F-33076 Bordeaux,France
821,AZONDEKON A,AZONDEKON,ALAIN,Hop Instruct Armees St Anne,Cotonou,Benin
822,DICKO F,DICKO,FATOUMATA,Hop Gabriel Toure  Serv Pediat Bamako,Bamako,Mali
823,MALATESTE K,MALATESTE,KAREN,Univ Bordeaux 2  INSERM  U89,F-33076 Bordeaux,France
824,MALATESTE K,MALATESTE,KAREN,Univ Bordeaux 2  ISPED,F-33076 Bordeaux,France
825,TOURE P,TOURE,PETY,,,
826,TOURE P,TOURE,PETY,ACONDA  MTCT Plus Initiat,Abidjan,Cote Ivoire
827,TOURE P,TOURE,PETY,ACONDA  CePReF,Abidjan,Cote Ivoire
828,EBOUA F T,EBOUA,FRANCOIS T,CHU Yopougon  Serv Pediat,Abidjan,Cote Ivoire
829,KOUADIO K,KOUADIO,KOUAKOU,,,
830,KOUADIO K,KOUADIO,KOUAKOU,CIRBA,Abidjan,Cote Ivoire
831,RENNER L,RENNER,LORNA,Korlebu Hosp  Pediat Ward,Accra,Ghana
832,DABIS F,DABIS,FRANCOIS,Univ Bordeaux 2  INSERM  U89,F-33076 Bordeaux,France
833,DABIS F,DABIS,FRANCOIS,Univ Bordeaux 2  ISPED,F-33076 Bordeaux,France
834,LEROY V,LEROY,VALERIANE,Univ Bordeaux 2  INSERM  U89,F-33076 Bordeaux,France
835,LEROY V,LEROY,VALERIANE,Univ Bordeaux 2  ISPED,F-33076 Bordeaux,France
836,DUGAS M,DUGAS,MARYLENE,CHU Quebec  Ctr Rech  Quebec City,PQ,Canada
837,BEDARD E,BEDARD,EMMANUELLE,,,
838,BEDARD E,BEDARD,EMMANUELLE,Univ Quebec Rimouski  Dept Sci Infirmieres  Levis,PQ,Canada
839,BATONA G,BATONA,GEORGES,CHU Quebec  Ctr Rech  Quebec City,PQ,Canada
840,BATONA G,BATONA,GEORGES,Univ Laval  Dept Sci Infirmieres  Quebec City,PQ,Canada
841,KPATCHAVI A C,KPATCHAVI,ADOLPHE C,,,
842,KPATCHAVI A C,KPATCHAVI,ADOLPHE C,Univ Abomey Calavi  Fac Lettres Arts & Sci Humaines,Abomey Calavi,Benin
843,GUEDOU F A,GUEDOU,FERNAND A,CHU Quebec  Ctr Rech  Quebec City,PQ,Canada
844,DUBE E,DUBE,ERIC,,,
845,DUBE E,DUBE,ERIC,Univ Sherbrooke  Dept Med Famille & Med Urgence  Fac Med & Sci Sante  Sherbrooke,PQ J1K 2R1,Canada
846,ADEOTHYKOUMAKPAI S,ADEOTHYKOUMAKPAI,S,,,
847,MORIN D,MORIN,D,Univ Laval  Fac Nursing Sci  Quebec City,PQ G1K 7P4,Canada
848,GODIN G,GODIN,G,Univ Laval  Fac Nursing Sci  Quebec City,PQ G1K 7P4,Canada
849,ALARY M,ALARY,M,Univ Laval  Dept Social & Prevent Med  Quebec City,PQ,Canada
850,SAWADOGO M R,SAWADOGO,M R,,,
851,BERNIER M,BERNIER,M,,,
852,BERNIER M,BERNIER,M,CCISD  Quebec City,PQ,Canada
853,KHONDE N,KHONDE,N,WAPCAS,Accra,Ghana
854,KINTIN F,KINTIN,F,,,
855,KINTIN F,KINTIN,F,CCISD,Ouagadougou,Burkina Faso
856,KONE A,KONE,A,,,
857,KONE A,KONE,A,CCISD,Niamey,Niger
858,PEPIN J,PEPIN,J,Univ Sherbrooke  CHUS  Sherbrooke,PQ J1K 2R1,Canada
859,RACHED S,RACHED,S,,,
860,RACHED S,RACHED,S,Univ Montreal  Unite Sante Int  Montreal,PQ,Canada
861,SOBELA F,SOBELA,F,,,
862,SOBELA F,SOBELA,F,WAPCAS,Lome,Togo
863,SOTO J,SOTO,J,,,
864,SOTO J,SOTO,J,Inst Natl Sante Publ  Montreal,PQ,Canada
865,SYLLA M,SYLLA,M,,,
866,SYLLA M,SYLLA,M,WAPCAS,Bamako,Mali
867,TRAORE C,TRAORE,C,,,
868,TRAORE C,TRAORE,C,WAPCAS,Dakar,Senegal
869,ARRIVE E,ARRIVE,ELISE,Univ Bordeaux 2  INSERM  ISPED  U593,F-33076 Bordeaux,France
870,KYABAYINZE D J,KYABAYINZE,DANIEL J,,,
871,KYABAYINZE D J,KYABAYINZE,DANIEL J,ANECCA,Kampala,Uganda
872,MARQUIS B,MARQUIS,BENOIT,Univ Bordeaux 2  INSERM  ISPED  U593,F-33076 Bordeaux,France
873,TUMWESIGYE N,TUMWESIGYE,NATHAN,,,
874,TUMWESIGYE N,TUMWESIGYE,NATHAN,ANECCA,Kampala,Uganda
875,KIEFFER M P,KIEFFER,MARYPAT,,,
876,AZONDEKON A,AZONDEKON,ALAIN,HIA  VIH UPEIV,Cotonou,Benin
877,WEMIN L,WEMIN,LOUISE,CEPREF Enfants,Abidjan,Cote Ivoire
878,FASSINOU P,FASSINOU,PATRICIA,Ctr Hosp Univ Yopougon,Abidjan,Cote Ivoire
879,LEROY V,LEROY,VALERIANE,Univ Bordeaux 2  INSERM  ISPED  U593,F-33076 Bordeaux,France
880,ABRAMS E J,ABRAMS,ELAINE J,,,
881,ABRAMS E J,ABRAMS,ELAINE J,Columbia Univ  Mailman Sch Publ Hlth,New York,USA
882,COTTON M,COTTON,MARK,Univ Stellenbosch  Tygerberg Childrens Hosp  Dept Paediat & Child Hlth,Cape Town,South Africa
883,BOULLE A,BOULLE,ANDREW,Univ Cape Town  Sch Publ Hlth & Family Med,ZA-7700 Rondebosch,South Africa
884,DABIS F,DABIS,FRANCOIS,Univ Bordeaux 2  INSERM  ISPED  U593,F-33076 Bordeaux,France
885,TOUNKARA F K,TOUNKARA,F K,Univ Laval  Dept Med Sociale & Prevent  Quebec City,PQ,Canada
886,TOUNKARA F K,TOUNKARA,F K,CHU  URESP  Ctr Rech  Quebec City,PQ,Canada
887,GUEDOU F,GUEDOU,F,DIST,Cotonou,Benin
888,AHOUSSINOU C,AHOUSSINOU,C,,,
889,AHOUSSINOU C,AHOUSSINOU,C,Programme Natl Lutte Sida & IST,Cotonou,Benin
890,ZANNOU D M,ZANNOU,D M,Univ Abomey Calavi  Fac Sci Sante,Cotonou,Benin
891,KPATCHAVI A,KPATCHAVI,A,,,
892,KPATCHAVI A,KPATCHAVI,A,Univ Abomey Calavi  Dept Sociol,Cotonou,Benin
893,KINTIN F D,KINTIN,F D,,,
894,KINTIN F D,KINTIN,F D,Bur Appui Sante Publ BASP 96,Cotonou,Benin
895,AVERY L,AVERY,L,,,
896,AVERY L,AVERY,L,Univ Manitoba  Fac Med  Winnipeg,MB,Canada
897,BEDARD E,BEDARD,E,Univ Quebec Rimouski  Dept Sci Infirmieres  Levis,PQ,Canada
898,BITERA R,BITERA,R,Univ Laval  Dept Med Sociale & Prevent  Quebec City,PQ,Canada
899,BITERA R,BITERA,R,CHU  URESP  Ctr Rech  Quebec City,PQ,Canada
900,ALARY M,ALARY,M,Univ Laval  Dept Med Sociale & Prevent  Quebec City,PQ,Canada
901,ALARY M,ALARY,M,CHU  URESP  Ctr Rech  Quebec City,PQ,Canada
902,LAJOIE J,LAJOIE,J,Ctr Hosp Univ Montreal CHUM  Ctr Rech  Lab Immunogenet  Montreal,PQ,Canada
903,LAJOIE J,LAJOIE,J,Univ Montreal  Dept Microbiol & Immunol  Montreal,PQ H3C 3J7,Canada
904,POUDRIER J,POUDRIER,J,Ctr Hosp Univ Montreal CHUM  Ctr Rech  Lab Immunogenet  Montreal,PQ,Canada
905,POUDRIER J,POUDRIER,J,Univ Montreal  Dept Microbiol & Immunol  Montreal,PQ H3C 3J7,Canada
906,MASSINGALOEMBE M,MASSINGALOEMBE,M,,,
907,GUEDOU F,GUEDOU,F,Univ Quebec  Ctr Hosp  Unite Rech Sante Populat  Quebec City,PQ,Canada
908,GUEDOU F,GUEDOU,F,Univ Laval  Quebec City,PQ,Canada
909,AGOSSAGBENAFA C,AGOSSAGBENAFA,C,,,
910,ALARY M,ALARY,M,Univ Quebec  Ctr Hosp  Unite Rech Sante Populat  Quebec City,PQ,Canada
911,ROGER M,ROGER,M,Ctr Hosp Univ Montreal CHUM  Ctr Rech  Lab Immunogenet  Montreal,PQ,Canada
912,ROGER M,ROGER,M,Univ Montreal  Dept Microbiol & Immunol  Montreal,PQ H3C 3J7,Canada
913,HEYNDRICKX L,HEYNDRICKX,L,,,
914,JANSSENS W,JANSSENS,W,,,
915,VAN DER AUWERA G,VAN DER AUWERA,G,,,
916,COPPENS S,COPPENS,S,,,
917,VEREECKEN K,VEREECKEN,K,,,
918,DE WITTE K,DE WITTE,K,,,
919,VAN RAMPELBERGH R,VAN RAMPELBERGH,R,,,
920,MORISON L,MORISON,L,,,
921,MCCUTCHAN F E,MCCUTCHAN,FE,,,
922,CARR J K,CARR,JK,,,
923,ALBERT J,ALBERT,J,,,
924,ESSEX M,ESSEX,M,,,
925,GOUDSMIT J,GOUDSMIT,J,,,
926,ASJO B,ASJO,B,,,
927,SALMINEN M,SALMINEN,M,,,
928,VAN DER GROEN G,VAN DER GROEN,G,,,
929,TOUNKARA F K,TOUNKARA,FATOUMATA K,CHU Quebec  URESP  Ctr Rech  Quebec City,PQ G1S 4L8,Canada
930,TOUNKARA F K,TOUNKARA,FATOUMATA K,Univ Laval  Dept Med Sociale & Prevent  Quebec City,PQ,Canada
931,DIABATE S,DIABATE,SOULEYMANE,CHU Quebec  URESP  Ctr Rech  Quebec City,PQ G1S 4L8,Canada
932,GUEDOU F A,GUEDOU,FERNAND A,CHU Quebec  URESP  Ctr Rech  Quebec City,PQ G1S 4L8,Canada
933,KINTIN F,KINTIN,FREDERIC,,,
934,KINTIN F,KINTIN,FREDERIC,Dispensaire IST,Cotonou,Benin
935,ZANNOU D M,ZANNOU,DJIMON M,Univ Abomey Calavi  Fac Sci Sante,Godomey,Benin
936,KPATCHAVI A,KPATCHAVI,ADOLPHE,,,
937,KPATCHAVI A,KPATCHAVI,ADOLPHE,Univ Abomey Calavi  Dept Sociol,Godomey,Benin
938,BEDARD E,BEDARD,EMMANUELLE,Univ Quebec Rimouski  Dept Sci Infirm  Levis,PQ,Canada
939,BITERA R,BITERA,RAPHAEL,CHU Quebec  URESP  Ctr Rech  Quebec City,PQ G1S 4L8,Canada
940,BITERA R,BITERA,RAPHAEL,Univ Laval  Dept Med Sociale & Prevent  Quebec City,PQ,Canada
941,ALARY M,ALARY,MICHEL,CHU Quebec  URESP  Ctr Rech  Quebec City,PQ G1S 4L8,Canada
942,GODIN G,GODIN,GASTON,Univ Laval  Canada Res Chair Behav & Hlth  Quebec City,PQ GIK 7P4,Canada
943,GODIN G,GODIN,GASTON,Univ Laval  Chaire Rech Canada Comportements & St  Quebec City,PQ GIK 7P4,Canada
944,GODIN G,GODIN,GASTON,Univ Laval  Fac Sci Infirm  Quebec City,PQ GIK 7P4,Canada
945,GODIN G,GODIN,GASTON,Hop St Sacrement CHA  Unite Rech St Populat  Quebec City,PQ,Canada
946,BAH A T,BAH,AISSATOU TINKA,,,
947,BAH A T,BAH,AISSATOU TINKA,Cellule Sectorielle Lutte Sida Minist St Mali,Bamako,Mali
948,SOW A,SOW,AMADOU,,,
949,SOW A,SOW,AMADOU,Ctr Hosp Reg Thies  Dept Soins Infirm,Thies,Senegal
950,MINANI I,MINANI,ISAAC,Ctr St Cotonou 1  Dispensaire & Lab IST,Cotonou,Benin
951,MORIN D,MORIN,DIANE,,,
952,MORIN D,MORIN,DIANE,Univ Laval  Fac Sci Infirm  Quebec City,PQ GIK 7P4,Canada
953,ALARY M,ALARY,MICHEL,Hop St Sacrement CHA  Unite Rech St Populat  Quebec City,PQ,Canada
954,THIBODEAU V,THIBODEAU,VALERIE,CRCHUM  Immunogenet Lab  Montreal,PQ,Canada
955,THIBODEAU V,THIBODEAU,VALERIE,Univ Montreal  Dept Microbiol & Immunol  Montreal,PQ H3C 3J7,Canada
956,LAJOIE J,LAJOIE,JULIE,,,
957,LAJOIE J,LAJOIE,JULIE,Univ Manitoba  Dept Med Microbiol  Winnipeg,MB,Canada
958,ZANNOU M D,ZANNOU,MARCEL D,Univ Abomey Calavi  Natl Ctr  Hosp Univ Hubert K Maga,Cotonou,Benin
959,FOWKE K R,FOWKE,KEITH R,,,
960,FOWKE K R,FOWKE,KEITH R,Univ Manitoba  Dept Med Microbiol  Winnipeg,MB,Canada
961,ALARY M,ALARY,MICHEL,Affilie Univ Quebec  Unite Rech Sante Populat  Ctr Hosp  Quebec City,PQ,Canada
962,ALARY M,ALARY,MICHEL,Univ Laval  Quebec City,PQ,Canada
963,POUDRIER J,POUDRIER,JOHANNE,CRCHUM  Immunogenet Lab  Montreal,PQ,Canada
964,POUDRIER J,POUDRIER,JOHANNE,Univ Montreal  Dept Microbiol & Immunol  Montreal,PQ H3C 3J7,Canada
965,ROGER M,ROGER,MICHEL,CRCHUM  Immunogenet Lab  Montreal,PQ,Canada
966,ROGER M,ROGER,MICHEL,Univ Montreal  Dept Microbiol & Immunol  Montreal,PQ H3C 3J7,Canada
967,BEHANZIN L,BEHANZIN,LUC,URESP  CHU Quebec  Ctr Rech FRQS  Quebec City,PQ,Canada
968,DIABATE S,DIABATE,SOULEYMANE,URESP  CHU Quebec  Ctr Rech FRQS  Quebec City,PQ,Canada
969,MINANI I,MINANI,ISAAC,Ctr Sante Communal Cotonou 1  Dispensaire IST,Cotonou,Benin
970,LOWNDES C M,LOWNDES,CATHERINE M,URESP  CHU Quebec  Ctr Rech FRQS  Quebec City,PQ,Canada
971,LOWNDES C M,LOWNDES,CATHERINE M,Hlth Protect Agcy  Dept HIV & STIs,London,England
972,ALARY M,ALARY,MICHEL,URESP  CHU Quebec  Ctr Rech FRQS  Quebec City,PQ,Canada
973,ALARY M,ALARY,MICHEL,Inst Natl Sante Publ Quebec  Unite Rech Sante Populat URESP  Quebec City,PQ,Canada
974,SABOURINPOIRIER C,SABOURINPOIRIER,CATHERINE,,,
975,FOURCADE L,FOURCADE,LYVIA,CRCHUM  Lab Immunogenet  Montreal,PQ,Canada
976,FOURCADE L,FOURCADE,LYVIA,Univ Montreal  Dept Microbiol Infectiol & Immunol  Montreal,PQ,Canada
977,CHAGNONCHOQUET J,CHAGNONCHOQUET,JOSIANE,,,
978,POUDRIER J,POUDRIER,JOHANNE,CRCHUM  Lab Immunogenet  Montreal,PQ,Canada
979,ROGER M,ROGER,MICHEL,CRCHUM  Lab Immunogenet  Montreal,PQ,Canada
980,RENNER L A,RENNER,LORNA A,Univ Ghana  Sch Med  Dept Child Hlth  Korle Bu Teaching Hosp,Accra,Ghana
981,KOUETA F,KOUETA,FLA,CHU Charles de Gaulle,Ouagadougou,Burkina Faso
982,MALATESTE K,MALATESTE,KAREN,,,
983,MALATESTE K,MALATESTE,KAREN,Univ Bordeaux Segalen  Inst Sante Publ Epidemiol & Dev  INSERM  U897,Bordeaux,France
984,GUEYE R D,GUEYE,RAMATOULAYE D,,,
985,GUEYE R D,GUEYE,RAMATOULAYE D,Hop Enfants Albert Royer,Dakar,Senegal
986,AKA E,AKA,EDMOND,,,
987,AKA E,AKA,EDMOND,Ctr Prise Charge Rech & Format CePReF,Abidjan,Cote Ivoire
988,EBOUA T K,EBOUA,TANOH K,,,
989,EBOUA T K,EBOUA,TANOH K,CHU Yopougon  Pediat Ward,Abidjan,Cote Ivoire
990,AZONDEKON A,AZONDEKON,ALAIN,Hop Instruct Armees  UPEIV,Cotonou,Benin
991,OKOMO U,OKOMO,UDUOK,,,
992,OKOMO U,OKOMO,UDUOK,MRC Unit,Fajara,Gambia
993,TOURE P,TOURE,PETY,MTCT Plus Network,Abidjan,Cote Ivoire
994,EKOUEVI D,EKOUEVI,DIDIER,,,
995,EKOUEVI D,EKOUEVI,DIDIER,IeDEA Reg Ctr  Programme PACCI,Abidjan,Cote Ivoire
996,LEROY V,LEROY,VALERIANE,Univ Bordeaux Segalen  Inst Sante Publ Epidemiol & Dev  INSERM  U897,Bordeaux,France
997,OGOUYEMIHOUNTO A,OGOUYEMIHOUNTO,A,,,
998,ZANNOU D M,ZANNOU,D M,Ctr Natl Hosp Univ Koutoukou Maga CNHU HKM  Serv Med Interne  03BP386,Cotonou,Benin
999,ZANNOU D M,ZANNOU,D M,CTA,Cotonou,Benin
1000,AYIHOUNTON G,AYIHOUNTON,G,,,
1001,AYIHOUNTON G,AYIHOUNTON,G,CTA,Cotonou,Benin
1002,AHOUADA C,AHOUADA,C,CTA,Cotonou,Benin
1003,ACAKPO J,ACAKPO,J,,,
1004,ACAKPO J,ACAKPO,J,CTA,Cotonou,Benin
1005,DE TOVE Y S S,DE TOVE,Y SISSINTO SAVI,Ctr Natl Hosp Univ Koutoukou Maga CNHU HKM  Lab Parasitol Mycol  03BP386,Cotonou,Benin
1006,GAZARD D K,GAZARD,D KINDE,Ctr Natl Hosp Univ Koutoukou Maga CNHU HKM  Lab Parasitol Mycol  03BP386,Cotonou,Benin
1007,MONNYKOSSO C N,MONNYKOSSO,CN,,,
1008,DALMEIDA M,DALMEIDA,M,,,
1009,HOUANSOU J,HOUANSOU,J,,,
1010,BATOSSI G,BATOSSI,G,,,
1011,HODONOU I,HODONOU,I,,,
1012,AGOSSOU R,AGOSSOU,R,,,
1013,ADEYANJU I,ADEYANJU,I,,,
1014,TESTA J,TESTA,J,,,
1015,PORTAL J L,PORTAL,JL,,,
1016,HOUNHOUEDO T,HOUNHOUEDO,T,,,
1017,LAGARDE E,LAGARDE,E,,,
1018,AUVERT B,AUVERT,B,,,
1019,LAOUROU M,LAOUROU,M,,,
1020,FERRY B,FERRY,B,,,
1021,AKAM E,AKAM,E,,,
1022,SUKWA T,SUKWA,T,,,
1023,MAURY B,MAURY,B,,,
1024,CHEGE J,CHEGE,J,,,
1025,NDOYE I,NDOYE,I,,,
1026,KEITCHION A S,KEITCHION,A SESSOU,,,
1027,SAGUI A,SAGUI,A,,,
1028,SINGBO A T,SINGBO,A TOUDONOU,,,
1029,MONZORGUI AMKZ,MONZORGUI,A M KORA ZIME,,,
1030,AGODOKPESSI G,AGODOKPESSI,G,Ctr Natl Hosp Pneumophtisiol,Cotonou,Benin
1031,AGODOKPESSI G,AGODOKPESSI,G,Fac Sci Sante,Cotonou,Benin
1032,ADE G,ADE,G,Ctr Natl Hosp Pneumophtisiol,Cotonou,Benin
1033,ADE G,ADE,G,Fac Sci Sante,Cotonou,Benin
1034,ADE S,ADE,S,Ctr Natl Hosp Pneumophtisiol,Cotonou,Benin
1035,WACHINOU A P,WACHINOU,A P,Ctr Natl Hosp Pneumophtisiol,Cotonou,Benin
1036,AFFOLABI D,AFFOLABI,D,Ctr Natl Hosp Pneumophtisiol,Cotonou,Benin
1037,AFFOLABI D,AFFOLABI,D,Fac Sci Sante,Cotonou,Benin
1038,ANAGONOU S,ANAGONOU,S,Ctr Natl Hosp Pneumophtisiol,Cotonou,Benin
1039,ANAGONOU S,ANAGONOU,S,Fac Sci Sante,Cotonou,Benin
1040,GNINAFON M,GNINAFON,M,Ctr Natl Hosp Pneumophtisiol,Cotonou,Benin
1041,GNINAFON M,GNINAFON,M,Fac Sci Sante,Cotonou,Benin
1042,DRABO K M,DRABO,KOINE MAXIME,Minist Rech Sci & Innovat  Inst Rech Sci Sante,Ouagadougou,Burkina Faso
1043,HIEN H,HIEN,HERVE,,,
1044,HIEN H,HIEN,HERVE,CNRST  IRSS,Ouagadougou,Burkina Faso
1045,KONFE S,KONFE,SALIFOU,,,
1046,KONFE S,KONFE,SALIFOU,Minist Sante,Ouagadougou,Burkina Faso
1047,NANA W M F,NANA,WENDIN MANEGDE FELICITE,,,
1048,NANA W M F,NANA,WENDIN MANEGDE FELICITE,Minist Sante,Ouagadougou,Burkina Faso
1049,OUEDRAOGO T L,OUEDRAOGO,TINOAGA LAURENT,,,
1050,OUEDRAOGO T L,OUEDRAOGO,TINOAGA LAURENT,IRSP,Ouidah,Benin
1051,DE PASCHALE M,DE PASCHALE,MASSIMO,Hosp Legnano  Microbiol Unit,I-20025 Milan,Italy
1052,CERIANI C,CERIANI,CRISTINA,,,
1053,CERIANI C,CERIANI,CRISTINA,IRCCS Galeazzi Orthopaed Inst  Lab Expt Biochem & Mol Biol,Milan,Italy
1054,CERULLI T,CERULLI,TERESA,Hosp Legnano  Microbiol Unit,I-20025 Milan,Italy
1055,CAGNIN D,CAGNIN,DEBORA,Hosp Legnano  Microbiol Unit,I-20025 Milan,Italy
1056,CAVALLARI S,CAVALLARI,SERENA,Hosp Legnano  Microbiol Unit,I-20025 Milan,Italy
1057,NDAYAKE J,NDAYAKE,JOSEPH,,,
1058,NDAYAKE J,NDAYAKE,JOSEPH,St Jean de Dieu Hosp,Tanguieta,Benin
1059,ZAONGO D,ZAONGO,DIEUDONNE,,,
1060,ZAONGO D,ZAONGO,DIEUDONNE,St Jean de Dieu Hosp,Tanguieta,Benin
1061,PRIULI G,PRIULI,GIANBATTISTA,,,
1062,PRIULI G,PRIULI,GIANBATTISTA,St Jean de Dieu Hosp,Tanguieta,Benin
1063,VIGANO P,VIGANO,PAOLO,,,
1064,VIGANO P,VIGANO,PAOLO,Hosp Legnano  Dept Infect Dis,I-20025 Milan,Italy
1065,CLERICI P,CLERICI,PIERANGELO,Hosp Legnano  Microbiol Unit,I-20025 Milan,Italy
1066,FERROUSSIER O,FERROUSSIER,O,Int Union Against TB & Lung Dis,F-75006 Paris,France
1067,DLODLO R A,DLODLO,R A,Int Union Against TB & Lung Dis,F-75006 Paris,France
1068,CAPOCHICHI D,CAPOCHICHI,D,,,
1069,BOILLOT F,BOILLOT,F,Int Union Against TB & Lung Dis,F-75006 Paris,France
1070,GNINAFON M,GNINAFON,M,,,
1071,GNINAFON M,GNINAFON,M,Programme Natl Lutte TB,Cotonou,Benin
1072,TREBUCQ A,TREBUCQ,A,Int Union Against TB & Lung Dis,F-75006 Paris,France
1073,FUJIWARA P I,FUJIWARA,P I,Int Union Against TB & Lung Dis,F-75006 Paris,France
1074,DOSSOU J P,DOSSOU,JEANPAUL,,,
1075,ASSARAG B,ASSARAG,BOUCHRA,,,
1076,ASSARAG B,ASSARAG,BOUCHRA,Ecole Natl Sante Publ  Rue Lamfadel Cherkaoui,Rabat,Morocco
1077,DELAMOU A,DELAMOU,ALEXANDRE,,,
1078,DELAMOU A,DELAMOU,ALEXANDRE,Ctr Natl Format & Rech Sante Rurale Maferinyah,Forecariah,Guinea
1079,DELAMOU A,DELAMOU,ALEXANDRE,Inst Trop Med  Woman & Child Hlth Res Ctr  155 Nationalstr,B-2000 Antwerp,Belgium
1080,VAN DER VEKEN K,VAN DER VEKEN,KAREN,,,
1081,VAN DER VEKEN K,VAN DER VEKEN,KAREN,Inst Trop Med  Woman & Child Hlth Res Ctr  155 Nationalstr,B-2000 Antwerp,Belgium
1082,BELAID L,BELAID,LOUBNA,,,
1083,BELAID L,BELAID,LOUBNA,Inst Trop Med  Woman & Child Hlth Res Ctr  155 Nationalstr,B-2000 Antwerp,Belgium
1084,BELAID L,BELAID,LOUBNA,Univ Montreal  Ecole Sante Publ  7101 Av Parc  Montreal,PQ H3N1X9,Canada
1085,OUEDRAOGO M,OUEDRAOGO,MOCTAR,,,
1086,OUEDRAOGO M,OUEDRAOGO,MOCTAR,Agence Format Rech & Expertise Sante Afrique  773 Rue Guillaume Ouedraogo,Bobo Dioulasso,Burkina Faso
1087,KHALFALLAH S,KHALFALLAH,SONIA,,,
1088,KHALFALLAH S,KHALFALLAH,SONIA,Direct Reg Sante Nabeul  Rue Revolut,Nabeul,Tunisia
1089,AOURAS H,AOURAS,HAYET,,,
1090,AOURAS H,AOURAS,HAYET,Univ Annaba  CHU  Registre Canc Annaba,Annaba,Algeria
1091,DIADHIOU M,DIADHIOU,MOHAMED,,,
1092,DIADHIOU M,DIADHIOU,MOHAMED,Maternite Hop Aristide Le Dantec  Ctr Reg Format Rech & Plaidoyer Sante Reprod,Dakar,Senegal
1093,FASSASSI R,FASSASSI,RAIMI,,,
1094,FASSASSI R,FASSASSI,RAIMI,Ecole Natl Super Stat & Econ  Blvd Mitterrand,Abidjan,Cote Ivoire
1095,DELVAUX T,DELVAUX,THERESE,,,
1096,DELVAUX T,DELVAUX,THERESE,Inst Trop Med  Woman & Child Hlth Res Ctr  155 Nationalstr,B-2000 Antwerp,Belgium
1097,JESSON J,JESSON,JULIE,INSERM  Ctr Inserm  U897  Epidemiol Biostat,Bordeaux,France
1098,JESSON J,JESSON,JULIE,Univ Bordeaux Segalen  INSERM  Ctr Rech  ISPED U897,F-33076 Bordeaux,France
1099,MASSON D,MASSON,DAVID,,,
1100,MASSON D,MASSON,DAVID,Growing Programme Sidact & Initiat Dev,Paris,France
1101,ADONON A,ADONON,ARSENE,,,
1102,ADONON A,ADONON,ARSENE,RACINES,Cotonou,Benin
1103,TRAN C,TRAN,CAROLINE,,,
1104,TRAN C,TRAN,CAROLINE,Growing Programme Sidact & Initiat Dev,Paris,France
1105,HABARUGIRA C,HABARUGIRA,CAPITOLINE,,,
1106,HABARUGIRA C,HABARUGIRA,CAPITOLINE,ANSS Assoc Natl Soutien Seropositifs & Malad Siad,Bujumbura,Burundi
1107,ZIO R,ZIO,REJANE,,,
1108,ZIO R,ZIO,REJANE,Growing Programme Sidact & Initiat Dev,Paris,France
1109,NICIMPAYE L,NICIMPAYE,LEONCIE,,,
1110,NICIMPAYE L,NICIMPAYE,LEONCIE,APECOS,Bujumbura,Burundi
1111,DESMONDE S,DESMONDE,SOPHIE,INSERM  Ctr Inserm  U897  Epidemiol Biostat,Bordeaux,France
1112,SERURAKUBA G,SERURAKUBA,GORETH,,,
1113,SERURAKUBA G,SERURAKUBA,GORETH,Univ Bordeaux Segalen  INSERM  Ctr Rech  ISPED U897,F-33076 Bordeaux,France
1114,SERURAKUBA G,SERURAKUBA,GORETH,SWAA,Bujumbura,Burundi
1115,KWAYEP R,KWAYEP,ROSINE,,,
1116,KWAYEP R,KWAYEP,ROSINE,SWAA Littoral Soc Women AIDS Africa,Douala,Cameroon
1117,SARE E,SARE,EDITH,,,
1118,SARE E,SARE,EDITH,CSAS  Bouake,Ivory Coast,Cote Ivoire
1119,KONATE T,KONATE,TIEFING,,,
1120,KONATE T,KONATE,TIEFING,ARCAD Assoc Rech Commun & Accompagnement Dominici,Bamako,Mali
1121,NIMAGA A,NIMAGA,ABDOULAYE,,,
1122,NIMAGA A,NIMAGA,ABDOULAYE,AKS,Sikasso,Mali
1123,SAINA P,SAINA,PHILEMON,,,
1124,SAINA P,SAINA,PHILEMON,ADN  Moundou,Tchad,Chad
1125,KPADE A,KPADE,AKOSSIWA,,,
1126,KPADE A,KPADE,AKOSSIWA,AMC,Lome,Togo
1127,BASSUKA A,BASSUKA,ANDREE,,,
1128,BASSUKA A,BASSUKA,ANDREE,EVT,Lome,Togo
1129,GOUGOUYOR G,GOUGOUYOR,GUSTAVE,,,
1130,GOUGOUYOR G,GOUGOUYOR,GUSTAVE,CRIPS,Lome,Togo
1131,LEROY V,LEROY,VALERIANE,INSERM  Ctr Inserm  U897  Epidemiol Biostat,Bordeaux,France
1132,LEROY V,LEROY,VALERIANE,Univ Bordeaux Segalen  INSERM  Ctr Rech  ISPED U897,F-33076 Bordeaux,France
1133,MERLE C S,MERLE,C S,WHO  TDR,Geneva,Switzerland
1134,MERLE C S,MERLE,C S,London Sch Hyg & Trop Med  IDEU,London,England
1135,FLOYD S,FLOYD,S,,,
1136,FLOYD S,FLOYD,S,London Sch Hyg & Trop Med  IDEU,London,England
1137,NDIAYE A,NDIAYE,A,,,
1138,NDIAYE A,NDIAYE,A,Natl TB Programme,Dakar,Senegal
1139,GALPERINE T,GALPERINE,T,,,
1140,GALPERINE T,GALPERINE,T,Tenon Hosp,Paris,France
1141,FURCO A,FURCO,A,,,
1142,FURCO A,FURCO,A,UCL,London,England
1143,DE JONG B C,DE JONG,B C,,,
1144,DE JONG B C,DE JONG,B C,Inst Trop Med,Antwerp,Belgium
1145,MCILLERON H,MCILLERON,H,,,
1146,MCILLERON H,MCILLERON,H,Univ Cape Town  Clin Pharmacol Lab,Cape Town,South Africa
1147,GLYNN J,GLYNN,J,,,
1148,SARR M,SARR,M,,,
1149,SARR M,SARR,M,Natl TB Programme,Dakar,Senegal
1150,BAHSOW O,BAHSOW,O,,,
1151,AFFOLABI D,AFFOLABI,D,,,
1152,AFFOLABI D,AFFOLABI,D,Natl TB Programme,Cotonou,Benin
1153,LA RUCHE G,LA RUCHE,GUY,Minist Sante  Programme Natl Lutte Contre Sida,Cotonou,Benin
1154,LA RUCHE G,LA RUCHE,GUY,Ambassade France SCAC,Cotonou,Benin
1155,AGONNOUDE M,AGONNOUDE,MAURICE,,,
1156,AGONNOUDE M,AGONNOUDE,MAURICE,BASP 96,Cotonou,Benin
1157,HOUANGNI C,HOUANGNI,CORNEILLE,Minist Sante  Programme Natl Lutte Contre Sida,Cotonou,Benin
1158,ASSANI A,ASSANI,ANTOINETTE,Minist Sante  Programme Natl Lutte Contre Sida,Cotonou,Benin
1159,CATRAYE J,CATRAYE,JOSEPH,,,
1160,CATRAYE J,CATRAYE,JOSEPH,BASP 96,Cotonou,Benin
1161,ZANNOU M,ZANNOU,MARCEL,Minist Sante  Programme Natl Lutte Contre Sida,Cotonou,Benin
1162,DESMONDE S,DESMONDE,SOPHIE,Univ Bordeaux,Bordeaux,France
1163,DESMONDE S,DESMONDE,SOPHIE,INSERM  ISPED  Ctr Inserm  Epidemiol Biostat U897,Bordeaux,France
1164,BALESTRE E,BALESTRE,ERIC,Univ Bordeaux,Bordeaux,France
1165,BALESTRE E,BALESTRE,ERIC,INSERM  ISPED  Ctr Inserm  Epidemiol Biostat U897,Bordeaux,France
1166,AMANIBOSSE C,AMANIBOSSE,CLARISSE,,,
1167,AKA E A,AKA,EDMOND A,,,
1168,AKA E A,AKA,EDMOND A,Ctr Prise Charge Rech & Format CePReF,Abidjan,Cote Ivoire
1169,KOUMAKPAI S,KOUMAKPAI,SIRIATOU,,,
1170,KOUMAKPAI S,KOUMAKPAI,SIRIATOU,Ctr Natl Hosp Univ Hubert K Maga,Cotonou,Benin
1171,LEROY V,LEROY,VALERIANE,Univ Bordeaux,Bordeaux,France
1172,LEROY V,LEROY,VALERIANE,INSERM  ISPED  Ctr Inserm  Epidemiol Biostat U897,Bordeaux,France
1173,HAAS A D,HAAS,ANDREAS D,Univ Bern  Inst Social & Prevent Med,CH-3012 Bern,Switzerland
1174,BALESTRE E,BALESTRE,ERIC,Univ Bordeaux  Inst Sante Publ Epidemiol & Dev  INSERM  Ctr Rech U897 Epidemiol Biostat,Bordeaux,France
1175,BROWN S,BROWN,STEVE,,,
1176,BROWN S,BROWN,STEVE,Indiana Univ Sch Med,Indianapolis,IN 46202 USA
1177,BISSAGNENE E,BISSAGNENE,EMMANUEL,Ctr Hosp Univ Treichville  Serv Malad Infect & Trop,Abidjan,Cote Ivoire
1178,CHIMBETETE C,CHIMBETETE,CLEOPHAS,,,
1179,CHIMBETETE C,CHIMBETETE,CLEOPHAS,Newlands Clin,Harare,Zimbabwe
1180,DABIS F,DABIS,FRANCOIS,Univ Bordeaux  Inst Sante Publ Epidemiol & Dev  INSERM  Ctr Rech U897 Epidemiol Biostat,Bordeaux,France
1181,HOFFMANN C J,HOFFMANN,CHRISTOPHER J,,,
1182,HOFFMANN C J,HOFFMANN,CHRISTOPHER J,Johns Hopkins Univ,Baltimore,USA
1183,HOFFMANN C J,HOFFMANN,CHRISTOPHER J,Aurum Inst,Johannesburg,South Africa
1184,OYARO P,OYARO,PATRICK,,,
1185,OYARO P,OYARO,PATRICK,Kenya Govt Med Res Ctr  RCTP FACES Program,Kisumu,Kenya
1186,PARKESRATANSHI R,PARKESRATANSHI,ROSALIND,,,
1187,REYNOLDS S J,REYNOLDS,STEVEN J,Rakai Hlth Sci Program,Entebbe,Uganda
1188,REYNOLDS S J,REYNOLDS,STEVEN J,NIAID  Div Intramural Res  NIH,Bethesda,USA
1189,REYNOLDS S J,REYNOLDS,STEVEN J,Johns Hopkins Univ  Sch Med,Baltimore,USA
1190,SIKAZWE I,SIKAZWE,IZUKANJI,,,
1191,SIKAZWE I,SIKAZWE,IZUKANJI,Ctr Infect Dis Res Zambia,Lusaka,Zambia
1192,WOOLSKALOUSTIAN K,WOOLSKALOUSTIAN,KARA,,,
1193,ZANNOU D M,ZANNOU,D MARCEL,Univ Abomey Calavi  Fac Sci Sante,Cotonou,Benin
1194,ZANNOU D M,ZANNOU,D MARCEL,Ctr Natl Hosp Univ Hubert Koutoukou Maga  Ctr Traitement Ambulatoire,Cotonou,Benin
1195,WANDELER G,WANDELER,GILLES,Univ Bern  Inst Social & Prevent Med,CH-3012 Bern,Switzerland
1196,WANDELER G,WANDELER,GILLES,Univ Hosp Bern  Dept Infect Dis,CH-3010 Bern,Switzerland
1197,WANDELER G,WANDELER,GILLES,Univ Bern,CH-3012 Bern,Switzerland
1198,EGGER M,EGGER,MATTHIAS,Univ Bern  Inst Social & Prevent Med,CH-3012 Bern,Switzerland
1199,EGGER M,EGGER,MATTHIAS,Univ Cape Town  Ctr Infect Dis Epidemiol & Res,ZA-7925 Cape Town,South Africa
1200,ADJOVI C,ADJOVI,C,,,
1201,KANHONOU L,KANHONOU,L,,,
1202,VAN DAMME L,VAN DAMME,L,,,
1203,RAMJEE G,RAMJEE,G,,,
1204,VUYLSTEKE B,VUYLSTEKE,B,,,
1205,CHANDEYING V,CHANDEYING,V,,,
1206,REES H,REES,H,,,
1207,SIRIVONGRANGSON P,SIRIVONGRANGSON,P,,,
1208,ETTIEGNETRAORE V,ETTIEGNETRAORE,V,,,
1209,UAHEOWITCHAI C,UAHEOWITCHAI,C,,,
1210,KARIM S S A,KARIM,SSA,,,
1211,MASSE B,MASSE,B,,,
1212,PERRIENS J,PERRIENS,J,,,
1213,LAGA M,LAGA,M,,,
1214,JAQUET A,JAQUET,A,Univ Victor Segalen  INSERM  Inst Sante Publ Epidemiol & Dev  CRE U 897,Bordeaux,France
1215,EKOUEVI D K,EKOUEVI,D K,Univ Victor Segalen  INSERM  Inst Sante Publ Epidemiol & Dev  CRE U 897,Bordeaux,France
1216,EKOUEVI D K,EKOUEVI,D K,CHU Treichville  Programme PAC CI,Abidjan,Cote Ivoire
1217,ABOUBAKRINE M,ABOUBAKRINE,M,,,
1218,ABOUBAKRINE M,ABOUBAKRINE,M,Hop Gabriel Toure  Serv Hepatogastroenterol,Bamako,Mali
1219,BASHI J,BASHI,J,Ctr Hosp Natl Univ  Ctr Prise Charge Personnes Vivant Avec VIH,Cotonou,Benin
1220,MESSOU E,MESSOU,E,ACONDA Ctr Prise Charge Rech & Format,Abidjan,Cote Ivoire
1221,TRAORE H A,TRAORE,H A,Hop du Point G  Ctr Prise Charge Personnes Vivant Avec VIH,Bamako,Mali
1222,ZANNOU M,ZANNOU,M,Ctr Hosp Natl Univ  Ctr Prise Charge Personnes Vivant Avec VIH,Cotonou,Benin
1223,GUEHI C,GUEHI,C,,,
1224,GUEHI C,GUEHI,C,Unite Soins Ambulatoires & Conseil,Abidjan,Cote Ivoire
1225,BAGOMIS F O,BAGOMIS,F O,,,
1226,MINGA A,MINGA,A,Ctr Natl Transfus Sanguine  Ctr Med Suivi Donneurs Sang  PRIMO CI,Abidjan,Cote Ivoire
1227,ALLOU G,ALLOU,G,,,
1228,ALLOU G,ALLOU,G,CHU Treichville  Programme PAC CI,Abidjan,Cote Ivoire
1229,EHOLIE S P,EHOLIE,S P,,,
1230,EHOLIE S P,EHOLIE,S P,Hop Treichville  Serv Malad Infect & Trop,Abidjan,Cote Ivoire
1231,DABIS F,DABIS,F,Univ Victor Segalen  INSERM  Inst Sante Publ Epidemiol & Dev  CRE U 897,Bordeaux,France
1232,BISSAGNENE E,BISSAGNENE,E,Hop Treichville  Serv Malad Infect & Trop,Abidjan,Cote Ivoire
1233,SASCO A J,SASCO,A J,Univ Victor Segalen  INSERM  Inst Sante Publ Epidemiol & Dev  CRE U 897,Bordeaux,France
1234,ZANNOU D M,ZANNOU,D M,Ambulatory Treatment Ctr PLWHIV CNHU,Cotonou,Benin
1235,ALAYE O M,ALAYE,O M,Ambulatory Treatment Ctr PLWHIV CNHU,Cotonou,Benin
1236,AKAKPO J,AKAKPO,J,Ambulatory Treatment Ctr PLWHIV CNHU,Cotonou,Benin
1237,AZON D,AZON,D,,,
1238,AZON D,AZON,D,Natl Program Fight AIDS,Cotonou,Benin
1239,AKINOCHO E,AKINOCHO,E,,,
1240,AKINOCHO E,AKINOCHO,E,Natl Program Fight AIDS,Cotonou,Benin
1241,ANAGONOUY S,ANAGONOUY,S,,,
1242,ABEGA S C,ABEGA,SC,,,
1243,DONNE G D,DONNE,GNONLONFOUN DIEU,,,
1244,CONSTANT A,CONSTANT,ADJIEN,,,
1245,THIERRY A,THIERRY,ADOUKONOU,,,
1246,DISMAND H,DISMAND,HOUINATO,,,
1247,GILBERT A,GILBERT,AVODE,,,
1248,PARSONS M S,PARSONS,MATTHEW S,McGill Univ  Res Inst  Ctr Hlth  Montreal,PQ H3G 1A4,Canada
1249,PARSONS M S,PARSONS,MATTHEW S,Univ Melbourne  Dept Microbiol & Immunol  Parkville,Vic 3052,Australia
1250,CENTER R J,CENTER,ROBERT J,,,
1251,CENTER R J,CENTER,ROBERT J,Univ Melbourne  Dept Microbiol & Immunol  Parkville,Vic 3052,Australia
1252,ROUTY J P,ROUTY,JEANPIERRE,,,
1253,ROULEAU D,ROULEAU,DANIELLE,,,
1254,ROULEAU D,ROULEAU,DANIELLE,Ctr Hosp Univ Montreal  Dept Microbiol  Montreal,PQ,Canada
1255,ROULEAU D,ROULEAU,DANIELLE,Ctr Hosp Univ Montreal  Dept Infectiol  Montreal,PQ,Canada
1256,LEBLANC R,LEBLANC,ROGER,McGill Univ  Res Inst  Ctr Hlth  Montreal,PQ H3G 1A4,Canada
1257,LEBLANC R,LEBLANC,ROGER,Clin LORI  Montreal,PQ,Canada
1258,WAINBERG M A,WAINBERG,MARK A,,,
1259,WAINBERG M A,WAINBERG,MARK A,McGill Univ  Jewish Gen Hosp  AIDS Ctr  Lady Davis Inst  Montreal,PQ H3T 1E2,Canada
1260,TREMBLAY C L,TREMBLAY,CECILE L,,,
1261,TREMBLAY C L,TREMBLAY,CECILE L,Ctr Rech Ctr Hosp Univ Montreal  Hop St Luc  Montreal,PQ,Canada
1262,ZANNOU M D,ZANNOU,MARCEL D,Univ Abomey Calavi  Fac Sci Sante,Cotonou,Benin
1263,KENT S J,KENT,STEPHEN J,,,
1264,KENT S J,KENT,STEPHEN J,Univ Melbourne  Dept Microbiol & Immunol  Parkville,Vic 3052,Australia
1265,GRANT M D,GRANT,MICHAEL D,,,
1266,GRANT M D,GRANT,MICHAEL D,Mem Univ Newfoundland  Fac Med  Div Biomed Sci  Immunol & Infect Dis Program  St John,NF,Canada
1267,BERNARD N F,BERNARD,NICOLE F,McGill Univ  Res Inst  Ctr Hlth  Montreal,PQ H3G 1A4,Canada
1268,BERNARD N F,BERNARD,NICOLE F,McGill Univ  Div Expt Med  Montreal,PQ H3G 1A4,Canada
